source,target
verge,techjunkiejh
gameinformer,Darthgreg78
dezi_rosado,Day_RTs
Polygon,MrKrisSteel
78SavageEddie,getTHISwork82
MSFTResearch,MSFTnews
gossmanster,PatrickLownds
MSFTResearch,Azure
TWTHEREDDRAGON,charlemange93
rseroter,bbenz
SOLIDREV30,NxtGenGamer8000
businessinsider,Fersare15
verge,andyGamingMad
MacRumors,ManaByte
JMaine518,The_Final_Storm
ManaByte,Uberutang
rseroter,ragoli_msft
zacbowden,hasssaaannn
JezCorden,Morpheus128
MicrosoftStore,luizgilsonjr
ZhugeEX,LambentLucky
DigitalTrends,zippylab
gameinformer,Ral86197296
verge,twisted_mental
thecyberwire,shean_hs
topdoog11,Gotti_Gaming23
cloudfoundry,seanmckmsft
verge,follox5
verge,xcapimBr
windowscentral,luizgilsonjr
verge,Phat_Hiippo
VentureBeat,shailendra_nair
terrycrews,easyeman77
TomMSFT,hspjap
gameinformer,HardcoreGamerHQ
MSLearning,sudhersuri
MSFTResearch,mixen
PlaystationWrld,XboxWrld
MicrosoftEU,KOLearyWW
Windows,Gregory_Kozak95
TWTHEREDDRAGON,Dipslon
gossmanster,rimmanehme
gamespot,itsBatran
TechRepublic,InfoSecurity99
MicrosoftEU,albertspijkers
zackwhittaker,ZDNet
YourPalRags,JAGLeMans
nigewillson,sectest9
Poynter,ihaveabiblesite
The_CrapGamer,Sontar22
Sobski117,stillwaters777
dreyer_smit,MrKrisSteel
Kotaku,DarthSuhaim
harryshum,andreawork
maryjofoley,hasssaaannn
marcoessomba,KU5H4L
TWTHEREDDRAGON,TLR9_
UnclePhailure,tru8888
windowscentral,illdave04
JezCorden,la_dynamita
eurogamer,CluelessPundit
PlaystationWrld,bdp2007
mashable,follox5
CNET,__S
JamieMoranUK,Paul485Paul
JamieMoranUK,Maccusha
TechCrunch,bingobaa
thatcyberdude,HackersList
thurrott,GPsarakis
CyberExaminer,SecurityNews6
backlon,rrfeeley
doctorps4,Mysticwolf1981
zackwhittaker,ovidiug
tomwarren,GPsarakis
DigitalTrends,MSFTnews
Locky75New,OskoolG
BeastFireTimdog,TLR9_
uptownSM,LambentLucky
thecyberwire,InfoSecurity99
KallesGroup,HackersList
TWTHEREDDRAGON,stillwaters777
GameRant,MahvelFan
MicrosoftStore,InnerFury4K
mspoweruser,LordBlade
AngelNexus,Paul485Paul
TechRepublic,bingobaa
tru8888,aceitman2
dezi_rosado,4AGamers
WatchMixer,Dipslon
mspoweruser,Gaming_Forever1
cloudfoundry,yoshioterada
XboxQwik,BeastFireTimdog
OneForceTech,InfoSecurity99
pushsquare,MSonyNin
moonjam,MaZeN_Edition
msdev,VisualStudioOne
onmsft,marcin_skok
gamespot,illdave04
XboxMAD,xcapimBr
seanmckmsft,jmckenty
PSUdotcom,sicgamer
windowsblog,francoleuzzi
CsharpCorner,albertspijkers
CyberExaminer,ChrisatWork
verge,luizgilsonjr
TechCrunch,EhkalaAhusanu
pushsquare,foxygames_uk
GAMERS_KNOWBEST,OttomanMadMan
kennethholley,shean_hs
ZDNet,Darthgreg78
mspoweruser,Tactic036Nikola
MSFTMechanics,Ra_Koellner
onmsft,BiG_Porras
starbuxman,IanAndrewsDC
patrickcoomans,ChrisatWork
Azure,Gregory_Kozak95
Daniel_Rubino,hasssaaannn
BradSmi,cfiessinger
Polygon,itsBatran
verge,PanosM_GR
onmsft,blackdekpe
XboxQwik,luizgilsonjr
patrickcoomans,HackersList
JezCorden,Sontar22
doctorps4,Locky75New
nTangledCloud,SecurityNews6
verge,MajorMorteza
IanAndrewsDC,badnima
Gizmodo,follox5
MSIntune,WSV_GUY
KazHiraiCEO,itsBatran
DigitalTrends,EMMANUEL_EEO
MSFTMechanics,VisualStudioOne
TWTHEREDDRAGON,UnclePhailure
TodoenpcVE,sectest9
JohnLaTwC,DrolSecurity
MSWindowsITPro,ShakthiRavi
OneForceTech,cryptti0
Microsoft,SecurityNews6
gamespot,Maccusha
gamespot,FooVanCleef
IanAndrewsDC,_CloudNinja
threatpost,malwarescoop
Azure,albertspijkers
GAMERS_KNOWBEST,RALPH4lyf
MicrosoftIoT,andreawork
PressStartKofi,NxtGenGamer8000
msftsecresponse,hasssaaannn
JezCorden,ThePharmacistJA
MSCloud,SecurityNews6
JamieMoranUK,SEGA4EVA1
Poynter,helpdeskx
IanAndrewsDC,starbuxman
HARD8TIMES,topdoog11
wearsy,ashithraj
The_CrapGamer,LGqhd
VG247,amifou
Xbox,g_cruz5
verge,AlphaFoxWarfare
CNET,Phat_Hiippo
verge,InnerFury4K
Gizmodo,dondrwdrw
XboxMAD,amifou
Omac_brother,Galaxygamerone
starbuxman,bbenz
verge,LEEWAYNUMBER1
MSPowerBI,Darthgreg78
TWTHEREDDRAGON,MahvelFan
DeadboxOne,Radgamer420
engadget,LEEWAYNUMBER1
OriginalGamer_4,4AGamers
pushsquare,DeadboxOne
jmckenty,_CloudNinja
PSUdotcom,Galaxygamerone
windowscentral,hasssaaannn
321techreviews,GFXCoach
pushsquare,NxtGenGamer8000
WatchMixer,EarlRobinson3
Polygon,madmanmarz
MicrosoftIoT,m_iqbal2307
VentureBeat,SherryFLRealtor
pushsquare,JayDubcity16
Kotaku,Ral86197296
DigitalTrends,Fersare15
WinObs,Ra_Koellner
windowsblog,Tactic036Nikola
TomMSFT,TIIRATH
HARD8TIMES,NxtGenGamer8000
mspoweruser,marcin_skok
Windows,francoleuzzi
Microsoft,hassan14_pk
Locky75New,andyGamingMad
onmsft,PanosM_GR
LegendOfGamer80,AEGRO
thurrott,hassan14_pk
Sobski117,mashstation
XboxMAD,KiwiPiwi4
MSonyNin,AEGRO
Locky75New,UnclePhailure
Vampero,AngelNexus
XboxMAD,Maccusha
Sec_Headhunter,sectest9
mspoweruser,Yogesh_Rya
VG247,RALPH4lyf
HARD8TIMES,VirtuaMe
nigewillson,LordBlade
maryjofoley,dreyer_smit
windowscentral,GPsarakis
JAGLeMans,tru8888
321techreviews,Day_RTs
mspoweruser,Galloping_Death
DigitalTrends,francoleuzzi
StevenGuggs,OnMSL
businessinsider,frndlyCombtnt
tomwarren,WinObs
mspoweruser,luizgilsonjr
windowscentral,xcapimBr
Windows,Ral86197296
JohnLaTwC,EnriquePernas
Microsoft,EMMANUEL_EEO
KallesGroup,SecurityNews6
The_CrapGamer,illdave04
NeowinFeed,LordBlade
gameinformer,xcapimBr
foxygames_uk,twistedknight
MSFTResearch,Fersare15
mspoweruser,MarcoCHardware
Omac_brother,Mysticwolf1981
JezCorden,easyeman77
OEMPartner,IoTimelab
gameinformer,raywand
terrycrews,KrypTo891
CNET,hassan14_pk
JamieMoranUK,COMMANDO1138
JezCorden,CrocaDeeBee
StevenGuggs,MaluubaInc
JamieMoranUK,dreyer_smit
TheHackersNews,albertspijkers
TWTHEREDDRAGON,DaGeekyNerd
TWTHEREDDRAGON,psi01
MicrosoftHelps,TIIRATH
briankrebs,azuitshi
onmsft,SEGA4EVA1
Vampero,SEGA4EVA1
XboxMAD,ReignofBane
Gamers4LMedia,JayDubcity16
infosecstuff,ChrisatWork
MSFTMechanics,MicrosoftTeams
The_CrapGamer,Galloping_Death
SOLIDREV30,MikePDaTruth
mervinpearce,sectest9
JamesvandenBerg,WinObs
thatcyberdude,sectest9
charlemange93,Mysticwolf1981
tru8888,Henriquelagarto
JamieMoranUK,Vampero
uptownSM,UnclePhailure
AEGRO,Radgamer420
briankrebs,LoveToPlayFair
onmsft,Gwolf2014
321techreviews,FlyRts
azureweekly,flying_maverick
NeoGAFNewThread,JMaine518
XboxQwik,JezCorden
OskoolG,mashstation
TWTHEREDDRAGON,MrKrisSteel
VG247,KiwiPiwi4
YourPalRags,Titto530
MicrosoftIoT,hasssaaannn
threatpost,SecurityNews6
Office365_Tech,pejota81
LoTgaming7,FlyRts
JezCorden,OttomanMadMan
MicrosoftIoT,WinObs
MSIntune,ShakthiRavi
DualShockers,madmanmarz
MSEurope,TechieTrotman
XboxMAD,Paul485Paul
tomwarren,ratkutti
BLACKB0ND,UnclePhailure
SOLIDREV30,charlemange93
PCMag,Echosix8
DigitalTrends,dondrwdrw
Omac_brother,SoBanked
gameinformer,madmanmarz
moonjam,Galaxygamerone
The_CrapGamer,hspjap
GamingBoltTweet,raywand
XboxMAD,MaZeN_Edition
windowscentral,JezCorden
MicrosoftHelps,n_silva
PeggyJ,Fersare15
zackwhittaker,bdsams
toddbishop,MSPowerBI
ZDNet,KOLearyWW
ArcanistMX,sectest9
bbenz,jmckenty
XboxMAD,hozboy
Daniel_Rubino,GaborFari
Polygon,LambentLucky
zackwhittaker,Steeveeh
MalwareJake,LoveToPlayFair
MicrosoftIoT,n_silva
StevenGuggs,mefatemi
pivotalcf,seanmckmsft
msdev,follox5
eurogamer,RobotBrush
verge,SherryFLRealtor
windowscentral,MahvelFan
bdsams,thurrott
Windows,OEMPartner
AEGRO,UnclePhailure
Polygon,JoshChuckTM
mashable,techjunkiejh
WinObs,hasssaaannn
XboxMAD,HCcasualgamer
OriginalGamer_4,4AG_rts
verge,waltIII314
cybersecboardrm,HackersList
DualShockers,itsBatran
verge,EarlRobinson3
verge,Dipslon
verge,momusbah
TWTHEREDDRAGON,OttomanMadMan
rseroter,seanmckmsft
TomMSFT,Paul485Paul
nigewillson,SecurityNews6
WinObs,GaborFari
BeastFireTimdog,psi01
JamieMoranUK,KrypTo891
MSEurope,Ra_Koellner
Xbox,DEATHMOBILE
OriginalGamer_4,Bear_Retweets
PeggyJ,helpdeskx
MSIntune,hasssaaannn
gamespot,andyGamingMad
infosecstuff,KU5H4L
LoTgaming7,NB_Retweets
PCMag,rrfeeley
AngelNexus,LGqhd
mspoweruser,fox180177
ZhugeEX,Galaxygamerone
Sobski117,Morpheus128
bdsams,ratkutti
BradSmi,mknz
nosretro,GFXCoach
windowscentral,Maccusha
MSFTResearch,TodoenpcVE
ZDNet,Maxiimi
MSEurope,KOLearyWW
DualShockers,JMaine518
mspoweruser,blackdekpe
windowscentral,Uberutang
XboxMAD,la_dynamita
verge,MahvelFan
gamespot,la_dynamita
OXM,Da_1st_Sin
BLACKB0ND,charlemange93
BeastFireTimdog,Bluestinger223
ganttnz,ChrisatWork
MalwareJake,DrolSecurity
MicrosoftWomen,Woody_MS_Bloke
CsharpCorner,sectest9
XboxWrld,OttomanMadMan
Azure,__S
msdev,francoleuzzi
pushsquare,AlphaFoxWarfare
NewfNukem,KrypTo891
ch9,Woody_MS_Bloke
VG247,CluelessPundit
CsharpCorner,dondrwdrw
tomwarren,WSV_GUY
verge,willynet
bdsams,marcin_skok
BLACKB0ND,DeadboxOne
MicrosoftStore,twistedknight
MicrosoftWomen,EMMANUEL_EEO
OXITS,InfoSecurity99
moonjam,backlon
NeowinFeed,Yogesh_Rya
TechCrunch,zippylab
MSStudiosBlog,JezCorden
uptownSM,tru8888
SwiftOnSecurity,geeky_gang
tru8888,Mysticwolf1981
cybersecboardrm,SecurityNews6
CNET,QxNews
Kotaku,domlast425
mspoweruser,Woody_MS_Bloke
BeastFireTimdog,EarlRobinson3
mashable,azuitshi
MSLearning,hkmamun
Locky75New,JayDubcity16
MacRumors,adacosta
msdev,DoyleAndre
AL77_infosec,sectest9
CodeSe7en,DeadboxOne
Sobski117,BetaCypher
windowscentral,LambentLucky
321techreviews,Bear_Retweets
tomwarren,hassan14_pk
JamieMoranUK,JoshChuckTM
msdev,Gwolf2014
Microsoft,la_dynamita
businessinsider,ihaveabiblesite
infosecstuff,InfoSecurity99
taiyyib,deniscasther
MSonyNin,Henriquelagarto
Microsoft,sectest9
engadget,Darthgreg78
TWTHEREDDRAGON,Titto530
onmsft,Ra_Koellner
gossmanster,gwalters69
Sec_Cyber,mclynd
OXM,MidniteKiller84
JamieMoranUK,ma1asiah
GameRant,Salt1estGaming
windowscentral,OskoolG
The_CrapGamer,Isra4201982
JezCorden,JoshChuckTM
MSFTResearch,m_iqbal2307
reckel,willynet
verge,raywand
XboxMAD,Morpheus128
Poynter,o2webdev
tomwarren,marcin_skok
pivotalcf,_CloudNinja
Erok8150,SEGA4EVA1
WatchMixer,twistedknight
TechCrunch,SherryFLRealtor
AL77_infosec,cryptti0
rimmanehme,hassan14_pk
tomwarren,Woody_MS_Bloke
engadget,booboodip
XboxMAD,g_cruz5
Poynter,hasssaaannn
78SavageEddie,LEE_EL2013
MSFTResearch,mclynd
MSCloud,dev_mshim
TWTHEREDDRAGON,hspjap
MSFTResearch,mefatemi
harryshum,momusbah
Microsoft,IoTimelab
Sobski117,Gamers4LMedia
MacRumors,shailendra_nair
backlon,GaborFari
zackwhittaker,ratkutti
XboxMAD,InnerFury4K
rseroter,GaborFari
Sobski117,AngelNexus
TheHackersNews,booboodip
JezCorden,GoodThings2Life
Omac_brother,1080pony
Xbox,L3thalPoppa
TiCGameNetwork,FF81
TechCrunch,azuitshi
verge,MaluubaInc
jmckenty,helpdeskx
CodeSe7en,UnclePhailure
MSFTMechanics,dondrwdrw
TodoenpcVE,SecurityNews6
CsharpCorner,hkmamun
XboxMAD,mashstation
KallesGroup,InfoSecurity99
azureweekly,Ra_Koellner
engadget,QxNews
pushsquare,getTHISwork82
MicrosoftEU,MSEurope
TechCrunch,MSPowerBI
foxygames_uk,Henriquelagarto
fxshaw,MaluubaInc
nosretro,NB_Retweets
pivotalcf,OpenAtMicrosoft
DigitalTrends,MahvelFan
rseroter,BuildAzure
TWTHEREDDRAGON,SOLIDREV30
KallesGroup,cryptti0
moonjam,MonkeysxMoo
HARD8TIMES,uptownSM
ZDNet,o2webdev
TWTHEREDDRAGON,BLACKB0ND
NeowinFeed,rrfeeley
TWTHEREDDRAGON,twisted_mental
SenseCyBlog,SecurityNews6
Gam3Wrld,XboxWrld
JezCorden,ManaByte
mashable,QxNews
mspoweruser,InnerFury4K
MalwareJake,campuscodi
threatpost,NakedTakinNotes
verge,BetaCypher
XboxQwik,BiG_Porras
ZDNet,DavynTT
SwiftOnSecurity,gwalters69
dreyer_smit,Paul485Paul
pushsquare,SoBanked
BradSmi,gwalters69
PlaystationWrld,Paul485Paul
MSFTResearch,ashithraj
JasonFossen,ChrisatWork
JackmoveJohnny,Saber_Of_Truth
MSFTResearch,helpdeskx
msdev,hkmamun
MSPowerBI,francoleuzzi
Microsoft,Fersare15
XboxWrld,RALPH4lyf
ch9,francoleuzzi
windowscentral,Vampero
OpenAtMicrosoft,jmckenty
rseroter,hasssaaannn
verge,GamingAdd_slp
BeastFireTimdog,imo_2006
JamesvandenBerg,flying_maverick
thurrott,GaborFari
Billy50CAL,Bear_Retweets
reckel,fxshaw
JezCorden,Erok8150
verge,eggry
msPartner,Darthgreg78
la_dynamita,illdave04
MSFTResearch,hassan14_pk
MSLearning,dev_mshim
LegendOfGamer80,Mysticwolf1981
Daniel_Rubino,luizgilsonjr
pushsquare,UnclePhailure
CsharpCorner,TheKlingon_
toddbishop,cfiessinger
Gaming_Forever1,Bluestinger223
VG247,SunsetMikeyX
NeoGAFNewThread,MajorMorteza
gameinformer,frndlyCombtnt
TiCGameNetwork,The_Final_Storm
WatchMixer,BetaCypher
HARD8TIMES,Mysticwolf1981
TWTHEREDDRAGON,amifou
msftsecresponse,ovidiug
MSPowerBI,MSFTnews
smokeydogg777,getTHISwork82
XboxQwik,MidniteKiller84
PlaystationWrld,FooVanCleef
verge,dondrwdrw
mspoweruser,psi01
onmsft,PatrickLownds
PSUdotcom,JayDubcity16
JayDubcity16,UnclePhailure
ZhugeEX,OskoolG
LegendOfGamer80,aceitman2
windowscentral,RoguePlanetoid
rseroter,mknz
verge,booboodip
SpartanBlem,xcapimBr
CodeSe7en,tru8888
XboxQwik,HCcasualgamer
msftsecresponse,geeky_gang
VG247,itsBatran
verge,amifou
Kotaku,Salt1estGaming
threatpost,InfoSecurity99
JamesvandenBerg,alevergara78
XboxQwik,FooVanCleef
WatchMixer,CrocaDeeBee
Kotaku,andyGamingMad
BradSmi,helpdeskx
ZDNet,eggry
maryjofoley,rrfeeley
XboxWrld,LGqhd
TechCrunch,marcin_skok
Saber_Of_Truth,metonymontanas
SOLIDREV30,LegendOfGamer80
tomwarren,fxshaw
JezCorden,johnmstrouth
Microsoft,OnMSL
Sobski117,imo_2006
ZDNet,malwarescoop
MSFTMechanics,o2webdev
mclynd,SecurityNews6
MSFTnews,OEMPartner
PCMag,ihaveabiblesite
Arsonall,Gotti_Gaming23
MSWindowsITPro,PakkanenJoonas
CNET,shailendra_nair
patrickcoomans,InfoSecurity99
MicrosoftEU,SecurityNews6
thatcyberdude,cryptti0
JMaine518,PressStartKofi
msdev,o2webdev
Locky75New,BeastFireTimdog
thecyberwire,cryptti0
starbuxman,seanmckmsft
verge,ashithraj
engadget,zippylab
verge,Israel_Mtz
The_CrapGamer,Bluestinger223
XboxMAD,twisted_mental
toddbishop,ihaveabiblesite
gamespot,ReignofBane
DigitalTrends,Microsoft
dreyer_smit,JoshChuckTM
patrickcoomans,cryptti0
OriginalGamer_4,FlyRts
ZhugeEX,hspjap
VG247,waltIII314
marcoessomba,cryptti0
Sec_Headhunter,KU5H4L
HARD8TIMES,smokeydogg777
VG247,DoyleAndre
windowscentral,JoshChuckTM
TiCGameNetwork,COMMANDO1138
TWTHEREDDRAGON,BetaCypher
rimmanehme,mknz
TiCGameNetwork,Maccusha
HARD8TIMES,SoBanked
ganttnz,InfoSecurity99
OpenAtMicrosoft,mknz
Microsoft,mefatemi
XboxWrld,L3thalPoppa
XboxMAD,KrypTo891
MicrosoftTeams,ShakthiRavi
engadget,EhkalaAhusanu
windowscentral,Israel_Mtz
taiyyib,sectest9
OpenAtMicrosoft,WSV_GUY
321techreviews,4AG_rts
Sec_Cyber,InfoSecurity99
PeggyJ,levipeniche
BeastFireTimdog,L3thalPoppa
tomwarren,Sontar22
SenseCyBlog,InfoSecurity99
Microsoft,hasssaaannn
maryjofoley,Gwolf2014
JezCorden,SunsetMikeyX
engadget,flying_maverick
JezCorden,DaGeekyNerd
YourPalRags,Radgamer420
fxshaw,BradSmi
Poynter,francoleuzzi
MSFTResearch,JoshChuckTM
TWTHEREDDRAGON,EarlRobinson3
XboxMAD,DaGeekyNerd
MSFTResearch,o2webdev
MSFTnews,marcin_skok
GamingBoltTweet,GamingAdd_slp
Daniel_Rubino,psi01
Microsoft,MSFTnews
SwiftOnSecurity,ratkutti
78SavageEddie,JayDubcity16
Microsoft,DavynTT
MSCloud,francoleuzzi
gameinformer,Phat_Hiippo
MSFTResearch,Maxiimi
BradSmi,OnMSL
BeastFireTimdog,DaGeekyNerd
Microsoft,InfoSecurity99
campuscodi,DrolSecurity
NeoGAFNewThread,UnclePhailure
MSFTnews,ihaveabiblesite
businessinsider,MahvelFan
azureweekly,willynet
TomMSFT,o2webdev
onmsft,Tactic036Nikola
TechCrunch,shailendra_nair
verge,CluelessPundit
kennethholley,SecurityNews6
nigewillson,__S
bdsams,Ra_Koellner
gameinformer,g_cruz5
Poynter,MSFTnews
toddbishop,o2webdev
JezCorden,twisted_mental
ZDNet,booboodip
ZDNet,zippylab
VG247,MahvelFan
nTangledCloud,InfoSecurity99
CNET,Israel_Mtz
Sobski117,johnmstrouth
cybersecboardrm,InfoSecurity99
XboxQwik,bdp2007
LegendOfGamer80,tru8888
MalwareJake,withego
JackmoveJohnny,NxtGenGamer8000
BuildAzure,Woody_MS_Bloke
GamingBoltTweet,frndlyCombtnt
Microsoft,alevergara78
MSStudiosBlog,twistedknight
thatcyberdude,InfoSecurity99
XboxMAD,Galloping_Death
briankrebs,withego
The_CrapGamer,DEATHMOBILE
JasonFossen,SecurityNews6
toddbishop,albertspijkers
Azure,ashithraj
Microsoft,dev_mshim
MSStudiosBlog,luizgilsonjr
LoTgaming7,4AGamers
gamespot,KiwiPiwi4
JamieMoranUK,BiG_Porras
VG247,AngelNexus
rseroter,fxshaw
XboxWrld,ma1asiah
The_CrapGamer,RALPH4lyf
fxshaw,__S
MSLearning,PakkanenJoonas
Microsoft,francoleuzzi
mspoweruser,TLR9_
brendandburns,hasssaaannn
TWTHEREDDRAGON,SunsetMikeyX
JAGLeMans,UnclePhailure
bdsams,ThePharmacistJA
PSUdotcom,MSonyNin
TomMSFT,GaborFari
windowscentral,JazzynupeXbox
OXM,DoyleAndre
OriginalGamer_4,Day_RTs
MSLearning,francoleuzzi
MSCloud,IoTimelab
pivotal,ncayou
OXM,luizgilsonjr
onmsft,rrfeeley
XboxQwik,hspjap
XboxMAD,Sontar22
mspoweruser,RobotBrush
Erok8150,la_dynamita
LegendOfGamer80,doctorps4
uptownSM,Mysticwolf1981
SOLIDREV30,Gotti_Gaming23
BleepinComputer,Echosix8
MSFTnews,francoleuzzi
LegendOfGamer80,VirtuaMe
tomwarren,PanosM_GR
BeastFireTimdog,Sontar22
JezCorden,mashstation
Sec_Headhunter,InfoSecurity99
businessinsider,MaluubaInc
ZDNet,blackdekpe
The_CrapGamer,HCcasualgamer
MSPowerBI,OnMSL
XboxMAD,CluelessPundit
OXITS,sectest9
VG247,RobotBrush
MSLearning,ShakthiRavi
MSStudiosBlog,hspjap
TechCrunch,MajorMorteza
MSPowerBI,hasssaaannn
marcoessomba,jb_u00
TomMSFT,Ra_Koellner
CNET,EhkalaAhusanu
marcoessomba,sectest9
The_CrapGamer,OttomanMadMan
MicrosoftIoT,TheKlingon_
JezCorden,ReignofBane
CyberHitchhiker,malwarescoop
CyberHitchhiker,HackersList
KazHiraiCEO,AguilarX
MSonyNin,Radgamer420
Office365_Tech,ShakthiRavi
tomwarren,backlon
cfiessinger,pejota81
JayDubcity16,Henriquelagarto
gamespot,madmanmarz
Kotaku,AguilarX
PeggyJ,ihaveabiblesite
78SavageEddie,charlemange93
windowscentral,BetaCypher
Billy50CAL,FlyRts
campuscodi,Ashygoyal
campuscodi,ovidiug
cloudfoundry,ragoli_msft
verge,LGqhd
HARD8TIMES,UnclePhailure
azureweekly,PakkanenJoonas
marcoessomba,MikeWrightQ
XboxWrld,TLR9_
MSFTResearch,Microsoft
MSPowerBI,m_iqbal2307
terrycrews,Gaming_Forever1
thurrott,SpartanBlem
XboxMAD,JazzynupeXbox
businessinsider,Microsoft
KazHiraiCEO,HardcoreGamerHQ
windowscentral,mashstation
OttomanMadMan,The_CrapGamer
PCMag,shailendra_nair
MSFTResearch,MaluubaInc
mashable,luizgilsonjr
Xbox,hozboy
HARD8TIMES,Titto530
dezi_rosado,GFXCoach
pushsquare,itsBatran
XboxMAD,easyeman77
Sec_Headhunter,HackersList
mspoweruser,Dipslon
reckel,OnMSL
MicrosoftHelps,ShakthiRavi
verge,adacosta
JamieMoranUK,HCcasualgamer
ganttnz,TheKlingon_
verge,PakkanenJoonas
XboxMAD,dreyer_smit
MikeQuindazzi,deniscasther
gamespot,GamingAdd_slp
smokeydogg777,UnclePhailure
dreyer_smit,FooVanCleef
TWTHEREDDRAGON,xcapimBr
bbenz,starbuxman
WatchMixer,Darthgreg78
XboxWrld,Gam3Wrld
fxshaw,TechieTrotman
msdev,alevergara78
dezi_rosado,FlyRts
1080pony,JayDubcity16
engadget,shailendra_nair
dreyer_smit,Morpheus128
1080pony,aceitman2
XboxMAD,frndlyCombtnt
nosretro,Bear_Retweets
Polygon,AguilarX
Gizmodo,mefatemi
verge,azuitshi
tru8888,madmanmarz
GAMERS_KNOWBEST,Bluestinger223
TWTHEREDDRAGON,la_dynamita
moonjam,PanosM_GR
windowscentral,Echosix8
NewfNukem,illdave04
MicrosoftHelps,francoleuzzi
ma1asiah,SpartanBlem
tomwarren,Echosix8
verge,Gwolf2014
LoTgaming7,GFXCoach
LegendOfGamer80,Gotti_Gaming23
XboxQwik,Atomicaust73
StevenGuggs,TechieTrotman
JasonFossen,shean_hs
wearsy,rseroter
TechRepublic,Echosix8
nosretro,Day_RTs
JamieMoranUK,Morpheus128
backlon,adacosta
Gam3Wrld,Paul485Paul
CsharpCorner,dev_mshim
NeoGAFNewThread,AlphaFoxWarfare
MicrosoftEU,InfoSecurity99
verge,bdp2007
MicrosoftIoT,MSFT_Business
fxshaw,WinObs
pivotal,starbuxman
threatpost,helpdeskx
gossmanster,Maxiimi
SenseCyBlog,sectest9
OriginalGamer_4,NB_Retweets
windowscentral,ma1asiah
Jed05,sicgamer
VG247,SEGA4EVA1
windowscentral,Galloping_Death
marcoessomba,ChrisatWork
terrycrews,FF81
windowscentral,Paul485Paul
VentureBeat,levipeniche
TWTHEREDDRAGON,Isra4201982
CNET,SherryFLRealtor
nTangledCloud,sectest9
TWTHEREDDRAGON,DarthSuhaim
TWTHEREDDRAGON,SpartanBlem
thurrott,rrfeeley
HARD8TIMES,charlemange93
CyberExaminer,cryptti0
Locky75New,psi01
businessinsider,NakedTakinNotes
MikePDaTruth,Titto530
windowscentral,COMMANDO1138
CsharpCorner,SecurityNews6
zackwhittaker,EnriquePernas
verge,marcin_skok
verge,EhkalaAhusanu
YourPalRags,MSonyNin
PeggyJ,Microsoft
Billy50CAL,Day_RTs
MicrosoftStore,n_silva
HARD8TIMES,LEE_EL2013
JezCorden,HCcasualgamer
Azure,ShakthiRavi
TiCGameNetwork,BiG_Porras
onmsft,Israel_Mtz
SOLIDREV30,topdoog11
zacbowden,Tactic036Nikola
MicrosoftHelps,InnerFury4K
HARD8TIMES,sicgamer
rseroter,OpenAtMicrosoft
ch9,hkmamun
VG247,LEEWAYNUMBER1
JezCorden,AngelNexus
Saber_Of_Truth,SOLIDREV30
thecyberwire,ArcanistMX
eurogamer,bdp2007
msdev,hasssaaannn
MicrosoftIoT,gwalters69
XboxQwik,EarlRobinson3
Sobski117,SpartanBlem
windowscentral,Woody_MS_Bloke
TiCGameNetwork,illdave04
Microsoft,Sarcona_Felix
PressStartKofi,JMaine518
Gizmodo,QxNews
OneForceTech,sectest9
TechCrunch,levipeniche
uptownSM,aceitman2
XboxWrld,CrocaDeeBee
VentureBeat,azuitshi
SOLIDREV30,UnclePhailure
engadget,NakedTakinNotes
XboxWrld,BeastFireTimdog
ZDNet,marcin_skok
MSFTResearch,ChrisatWork
MSFTResearch,jb_u00
XboxWrld,OskoolG
DJSMARTBOMB,4AG_rts
Microsoft,cfiessinger
MSonyNin,UnclePhailure
XboxMAD,HardcoreGamerHQ
msPartner,ShakthiRavi
JohnLaTwC,ovidiug
kennethholley,HackersList
MSFTResearch,sectest9
patrickcoomans,sectest9
thurrott,Darthgreg78
verge,TheKlingon_
XboxQwik,DEATHMOBILE
pivotal,helpdeskx
verge,mixen
GAMERS_KNOWBEST,bdp2007
TWTHEREDDRAGON,InnerFury4K
MSCloud,TheKlingon_
pivotal,_CloudNinja
XboxMAD,raywand
Erok8150,FooVanCleef
OXITS,albertspijkers
ZhugeEX,Isra4201982
zackwhittaker,SwiftOnSecurity
78SavageEddie,Locky75New
XboxMAD,MidniteKiller84
briankrebs,Echosix8
ZDNet,adacosta
Azure,OEMPartner
MicrosoftWomen,andreawork
TWTHEREDDRAGON,HCcasualgamer
verge,shailendra_nair
Locky75New,MaZeN_Edition
Sobski117,Maccusha
msPartner,hkmamun
MacRumors,Yogesh_Rya
Gamers4LMedia,easyeman77
Jed05,UnclePhailure
Office365_Tech,VisualStudioOne
XboxMAD,waltIII314
azureweekly,mknz
MikeQuindazzi,SecurityNews6
engadget,ihaveabiblesite
tomwarren,Phat_Hiippo
ZDNet,ShakthiRavi
WatchMixer,KiwiPiwi4
VentureBeat,marcin_skok
JezCorden,Galloping_Death
kennethholley,deniscasther
MSFT_Business,n_silva
msftsecresponse,ArcanistMX
JamieMoranUK,EarlRobinson3
toddbishop,mixen
DJSMARTBOMB,GFXCoach
MikeQuindazzi,sectest9
starbuxman,yoshioterada
Galaxygamerone,HardcoreGamerHQ
MSWindowsITPro,francoleuzzi
Xbox,ReignofBane
windowscentral,francoleuzzi
MSLearning,Azure
AL77_infosec,SecurityNews6
BradSmi,Woody_MS_Bloke
Locky75New,Salt1estGaming
JamesvandenBerg,PatrickLownds
PlaystationWrld,NakedTakinNotes
mspoweruser,PanosM_GR
XboxMAD,FooVanCleef
PeggyJ,Sarcona_Felix
verge,TodoenpcVE
LegendOfGamer80,DeadboxOne
pushsquare,LEEWAYNUMBER1
MSonyNin,tru8888
mervinpearce,deniscasther
JezCorden,amifou
ganttnz,HackersList
XboxMAD,Bluestinger223
Microsoft,Gregory_Kozak95
OriginalGamer_4,GFXCoach
Sec_Cyber,Ashygoyal
onmsft,InnerFury4K
foxygames_uk,MahvelFan
ZhugeEX,Dipslon
LegendOfGamer80,DarthSuhaim
MacRumors,geeky_gang
Office365_Tech,cfiessinger
mashable,shailendra_nair
JezCorden,FooVanCleef
Microsoft,Maxiimi
VentureBeat,techjunkiejh
TWTHEREDDRAGON,Atomicaust73
ManaByte,twistedknight
StevenGuggs,GoodThings2Life
GamingBoltTweet,CluelessPundit
MSLearning,follox5
TechRepublic,flying_maverick
BleepinComputer,Ashygoyal
MikePDaTruth,FF81
XboxWrld,Sontar22
foxygames_uk,JayDubcity16
businessinsider,EMMANUEL_EEO
TheHackersNews,o2webdev
KazHiraiCEO,RobotBrush
gamespot,domlast425
Microsoft,helpdeskx
reckel,TechieTrotman
PressStartKofi,HardcoreGamerHQ
JezCorden,ma1asiah
JAGLeMans,aceitman2
MSFTResearch,hasssaaannn
onmsft,Da_1st_Sin
BeastFireTimdog,Uberutang
OXM,NewfNukem
DigitalTrends,helpdeskx
dreyer_smit,twisted_mental
VG247,PressStartKofi
JamieMoranUK,CrocaDeeBee
JasonFossen,HackersList
Microsoft,ihaveabiblesite
engadget,blackdekpe
threatpost,sectest9
tomwarren,LordBlade
JohnLaTwC,withego
cloudfoundry,brendandburns
OXM,JazzynupeXbox
Gizmodo,Gwolf2014
ZhugeEX,InnerFury4K
MicrosoftIoT,ShakthiRavi
gameinformer,bdp2007
CyberHitchhiker,cryptti0
CsharpCorner,follox5
XboxWrld,Atomicaust73
NeowinFeed,Dipslon
engadget,LordBlade
TechCrunch,luizgilsonjr
LegendOfGamer80,Radgamer420
threatpost,EnriquePernas
windowscentral,Mrolympia74
moonjam,Jed05
Microsoft,stillwaters777
gamespot,EarlRobinson3
nosretro,4AGamers
Arsonall,metonymontanas
Microsoft,mixen
gamespot,MahvelFan
mclynd,InfoSecurity99
badnima,cloudfoundry
OskoolG,Paul485Paul
TLR9_,The_CrapGamer
Gamers4LMedia,Bluestinger223
TheHackersNews,OneForceTech
XboxWrld,FooVanCleef
thurrott,PatrickLownds
Azure,hasssaaannn
VG247,Dipslon
msdev,m_iqbal2307
zacbowden,GoodThings2Life
VG247,xcapimBr
MSFTResearch,francoleuzzi
mervinpearce,InfoSecurity99
GamingBoltTweet,imo_2006
GamingBoltTweet,Paul485Paul
charlemange93,UnclePhailure
XboxMAD,SunsetMikeyX
TechRepublic,techjunkiejh
JezCorden,Bluestinger223
TWTHEREDDRAGON,MSonyNin
terrycrews,CrocaDeeBee
BleepinComputer,campuscodi
MSFTnews,Gregory_Kozak95
pivotalcf,ragoli_msft
KazHiraiCEO,aceitman2
thurrott,hasssaaannn
badnima,pivotalcf
PressStartKofi,metonymontanas
MSFTResearch,MSEurope
XboxMAD,L3thalPoppa
verge,Sarcona_Felix
AL77_infosec,HackersList
MSFT_Business,EMMANUEL_EEO
smokeydogg777,JayDubcity16
verge,zippylab
dezi_rosado,4AG_rts
Jed05,tru8888
msPartner,EMMANUEL_EEO
backlon,hasssaaannn
ZDNet,SherryFLRealtor
DJSMARTBOMB,Bear_Retweets
mspoweruser,SunsetMikeyX
JezCorden,MrKrisSteel
HARD8TIMES,metonymontanas
Xbox,JazzynupeXbox
taiyyib,MikeWrightQ
verge,DEATHMOBILE
MSFTMechanics,ShakthiRavi
XboxQwik,DarthSuhaim
pushsquare,topdoog11
SOLIDREV30,metonymontanas
foxygames_uk,charlemange93
techjunkiejh,alevergara78
MikeQuindazzi,helpdeskx
TWTHEREDDRAGON,Gaming_Forever1
tru8888,DeadboxOne
MicrosoftWomen,Ra_Koellner
Vampero,RALPH4lyf
321techreviews,4AGamers
CyberExaminer,sectest9
CyberExaminer,HackersList
thurrott,LauraCatPJs
Polygon,twistedknight
tru8888,JayDubcity16
windowsblog,adacosta
gamespot,g_cruz5
nTangledCloud,HackersList
JasonFossen,cryptti0
gossmanster,sudhersuri
pushsquare,Galaxygamerone
windowscentral,PanosM_GR
DJSMARTBOMB,4AGamers
dezi_rosado,Bear_Retweets
DigitalTrends,Ral86197296
kennethholley,sectest9
rimmanehme,hasssaaannn
windowscentral,Darthgreg78
mervinpearce,HackersList
jmckenty,seanmckmsft
Azure,hassan14_pk
MSLearning,m_iqbal2307
gamespot,Darthgreg78
engadget,techjunkiejh
windowscentral,Yogesh_Rya
SOLIDREV30,Saber_Of_Truth
gamespot,foxygames_uk
mclynd,sectest9
infosecstuff,sectest9
msdev,RoguePlanetoid
AlphaFoxWarfare,AEGRO
pushsquare,charlemange93
BeastFireTimdog,FooVanCleef
mspoweruser,Da_1st_Sin
TechRepublic,ZDNet
The_CrapGamer,stillwaters777
XboxQwik,ThePharmacistJA
MicrosoftStore,Gregory_Kozak95
XboxWrld,MidniteKiller84
thurrott,ThePharmacistJA
DeadboxOne,Henriquelagarto
brendandburns,jatinam
TWTHEREDDRAGON,Uberutang
DigitalTrends,ihaveabiblesite
engadget,MahvelFan
OXM,SEGA4EVA1
TechCrunch,willynet
tomwarren,TechieTrotman
Xbox,JoshChuckTM
mspoweruser,GPsarakis
Polygon,FooVanCleef
LoTgaming7,4AG_rts
verge,JoshChuckTM
UnclePhailure,JayDubcity16
XboxMAD,MahvelFan
BeastFireTimdog,BiG_Porras
MSFTResearch,luizgilsonjr
windowscentral,waltIII314
Kotaku,MahvelFan
Office365_Tech,PakkanenJoonas
XboxMAD,BetaCypher
verge,levipeniche
BradSmi,WSV_GUY
Kotaku,JayDubcity16
PeggyJ,IoTimelab
Jed05,Locky75New
onmsft,fox180177
Polygon,imo_2006
tomwarren,MajorMorteza
Azure,ragoli_msft
pushsquare,Henriquelagarto
SenseCyBlog,HackersList
TechRepublic,azuitshi
KallesGroup,sectest9
pivotal,badnima
MSWindowsITPro,adacosta
CodeSe7en,Titto530
nigewillson,hasssaaannn
Billy50CAL,4AG_rts
JamieMoranUK,OskoolG
TWTHEREDDRAGON,GoodThings2Life
CNET,blackdekpe
eurogamer,GamingAdd_slp
verge,illdave04
XboxMAD,psi01
doctorps4,Henriquelagarto
LauraCatPJs,hasssaaannn
doctorps4,tru8888
XboxWrld,hspjap
JezCorden,frndlyCombtnt
zackwhittaker,withego
XboxMAD,Kenzibit
VentureBeat,NakedTakinNotes
pushsquare,VirtuaMe
pivotalcf,TodoenpcVE
DigitalTrends,xcapimBr
dreyer_smit,Gaming_Forever1
DualShockers,MSonyNin
HARD8TIMES,aceitman2
windowscentral,Ral86197296
GamingBoltTweet,MahvelFan
MicrosoftIoT,OEMPartner
engadget,MarcoCHardware
The_CrapGamer,Maccusha
Azure,mknz
MSCloud,hkmamun
reckel,momusbah
patrickcoomans,jb_u00
Windows,xcapimBr
ZDNet,TechRepublic
Omac_brother,JayDubcity16
FooVanCleef,Bluestinger223
nosretro,4AG_rts
PlaystationWrld,Gam3Wrld
tomwarren,FooVanCleef
pivotalcf,jmckenty
JamieMoranUK,hspjap
PeggyJ,MicrosoftWomen
PeggyJ,willynet
XboxMAD,COMMANDO1138
threatpost,shean_hs
BeastFireTimdog,JayDubcity16
The_CrapGamer,MahvelFan
MicrosoftEU,BradSmi
TWTHEREDDRAGON,Bluestinger223
onmsft,JoshChuckTM
JasonFossen,InfoSecurity99
VentureBeat,bingobaa
Microsoft,MahvelFan
Microsoft,pejota81
verge,imo_2006
TechCrunch,techjunkiejh
MSFT_Business,dev_mshim
thecyberwire,HackersList
CNET,sectest9
msPartner,MicrosoftWomen
CNET,BiG_Porras
TWTHEREDDRAGON,smokeydogg777
JezCorden,OskoolG
maryjofoley,bingobaa
MSFTMechanics,Gwolf2014
GameRant,domlast425
Xbox,InnerFury4K
backlon,Mrolympia74
OXM,RALPH4lyf
JAGLeMans,LambentLucky
Azure,IanAndrewsDC
MSFTResearch,OnMSL
321techreviews,NB_Retweets
TWTHEREDDRAGON,JoshChuckTM
NeoGAFNewThread,MaZeN_Edition
OEMPartner,alevergara78
KazHiraiCEO,78SavageEddie
MSFTResearch,marcin_skok
TWTHEREDDRAGON,johnmstrouth
MSFTResearch,EMMANUEL_EEO
AL77_infosec,InfoSecurity99
zacbowden,ThePharmacistJA
GAMERS_KNOWBEST,NewfNukem
Xbox,NewfNukem
windowscentral,HCcasualgamer
CNET,dondrwdrw
PeggyJ,francoleuzzi
engadget,luizgilsonjr
Windows,Tactic036Nikola
pushsquare,Locky75New
NeowinFeed,MarcoCHardware
foxygames_uk,madmanmarz
JohnLaTwC,LoveToPlayFair
windowsblog,Gregory_Kozak95
Kotaku,RALPH4lyf
zackwhittaker,azuitshi
TiCGameNetwork,MikePDaTruth
PeggyJ,KOLearyWW
doctorps4,UnclePhailure
TomMSFT,Isra4201982
toddbishop,MSFTnews
Sec_Headhunter,SecurityNews6
ZhugeEX,MaZeN_Edition
OskoolG,hspjap
XboxMAD,Dipslon
windowscentral,Salt1estGaming
MSFTnews,hasssaaannn
JamesvandenBerg,ShakthiRavi
cybersecboardrm,MikeWrightQ
brendandburns,OnMSL
The_CrapGamer,KrypTo891
verge,BeastFireTimdog
XboxWrld,raywand
tomwarren,Israel_Mtz
SOLIDREV30,Titto530
nTangledCloud,cryptti0
VG247,hspjap
briankrebs,OneForceTech
JezCorden,dreyer_smit
MicrosoftWomen,RoguePlanetoid
TechRepublic,sectest9
seanmckmsft,ragoli_msft
OttomanMadMan,stillwaters777
Vampero,BeastFireTimdog
Azure,cloudfoundry
BuildAzure,flying_maverick
bdsams,GaborFari
XboxMAD,BeastFireTimdog
MSLearning,jatinam
GameRant,LEEWAYNUMBER1
verge,Uberutang
Locky75New,DEATHMOBILE
gamespot,Gamers4LMedia
ZDNet,TIIRATH
windowscentral,Da_1st_Sin
JezCorden,SEGA4EVA1
JasonFossen,ovidiug
engadget,Sontar22
Azure,yoshioterada
thurrott,ratkutti
DigitalTrends,Sarcona_Felix
UnclePhailure,aceitman2
Microsoft,n_silva
VG247,MarcoCHardware
Xbox,domlast425
TWTHEREDDRAGON,KrypTo891
Microsoft,fox180177
XboxMAD,johnmstrouth
CyberExaminer,Ashygoyal
windowscentral,marcin_skok
LegendOfGamer80,UnclePhailure
verge,QxNews
verge,hozboy
Polygon,RALPH4lyf
Windows,domlast425
tomwarren,hasssaaannn
Arsonall,DeadboxOne
patrickcoomans,shean_hs
MSPowerBI,ihaveabiblesite
zackwhittaker,geeky_gang
XboxMAD,JoshChuckTM
XboxMAD,hspjap
MalwareJake,geeky_gang
terrycrews,OttomanMadMan
sicgamer,JayDubcity16
badnima,yoshioterada
HARD8TIMES,getTHISwork82
tomwarren,Kenzibit
SwiftOnSecurity,shean_hs
businessinsider,Maxiimi
ArcanistMX,SecurityNews6
NeowinFeed,Tactic036Nikola
MSFTMechanics,n_silva
pivotalcf,hasssaaannn
Billy50CAL,GFXCoach
VG247,Paul485Paul
rseroter,WSV_GUY
TWTHEREDDRAGON,waltIII314
verge,DoyleAndre
verge,Atomicaust73
TheHackersNews,QxNews
MSPowerBI,gwalters69
verge,albertspijkers
DualShockers,GamingAdd_slp
verge,bingobaa
CNET,adacosta
infosecstuff,HackersList
LegendOfGamer80,JayDubcity16
briankrebs,DrolSecurity
StevenGuggs,pejota81
taiyyib,cryptti0
The_CrapGamer,CrocaDeeBee
LauraCatPJs,WSV_GUY
SOLIDREV30,SoBanked
moonjam,LEE_EL2013
MicrosoftTeams,Sarcona_Felix
MacRumors,azuitshi
TomMSFT,TheKlingon_
CyberExaminer,MikeWrightQ
pushsquare,Mysticwolf1981
gossmanster,WSV_GUY
XboxMAD,FF81
MSFTMechanics,Woody_MS_Bloke
Microsoft,jatinam
cybersecboardrm,jb_u00
TheHackersNews,malwarescoop
Microsoft,luizgilsonjr
maryjofoley,marcin_skok
charlemange93,Titto530
starbuxman,jatinam
ganttnz,deniscasther
MSFTnews,hkmamun
MSLearning,hasssaaannn
GamingBoltTweet,JayDubcity16
WatchMixer,Atomicaust73
doctorps4,smokeydogg777
Kotaku,RobotBrush
XboxWrld,imo_2006
wearsy,_CloudNinja
XboxMAD,BiG_Porras
Microsoft,Darthgreg78
LegendOfGamer80,Henriquelagarto
JasonFossen,sectest9
thatcyberdude,jb_u00
n_silva,HackersList
azureweekly,VisualStudioOne
Polygon,GamingAdd_slp
dreyer_smit,easyeman77
ch9,hasssaaannn
zacbowden,Mrolympia74
CyberHitchhiker,KU5H4L
XboxWrld,Isra4201982
terrycrews,stillwaters777
OXITS,SecurityNews6
MSIntune,Steeveeh
gamespot,techjunkiejh
gamespot,FF81
Saber_Of_Truth,The_Final_Storm
eurogamer,LEEWAYNUMBER1
verge,XboxQwik
msdev,TheKlingon_
moonjam,topdoog11
Omac_brother,78SavageEddie
mspoweruser,frndlyCombtnt
XboxMAD,luizgilsonjr
rseroter,ashithraj
JezCorden,KiwiPiwi4
tru8888,sicgamer
mervinpearce,SecurityNews6
pushsquare,madmanmarz
BradSmi,KOLearyWW
MikeQuindazzi,InfoSecurity99
harryshum,mefatemi
JamesvandenBerg,PakkanenJoonas
VG247,Uberutang
XboxMAD,AngelNexus
harryshum,MaluubaInc
windowscentral,MarcoCHardware
brendandburns,seanmckmsft
Sec_Headhunter,cryptti0
thecyberwire,sectest9
TechCrunch,Woody_MS_Bloke
Locky75New,InnerFury4K
mspoweruser,Gwolf2014
Azure,sectest9
MSFTnews,DavynTT
thecyberwire,SecurityNews6
TechRepublic,SecurityNews6
msftsecresponse,DrolSecurity
MicrosoftHelps,Ra_Koellner
Gam3Wrld,NakedTakinNotes
ganttnz,sectest9
IanAndrewsDC,ncayou
Azure,PatrickLownds
BeastFireTimdog,OttomanMadMan
BradSmi,RoguePlanetoid
onmsft,Kenzibit
Microsoft,andreawork
OpenAtMicrosoft,hasssaaannn
verge,JazzynupeXbox
XboxMAD,Darthgreg78
OneForceTech,SecurityNews6
AL77_infosec,ovidiug
rseroter,brendandburns
TWTHEREDDRAGON,dreyer_smit
gossmanster,hasssaaannn
BleepinComputer,malwarescoop
engadget,rrfeeley
dezi_rosado,NB_Retweets
XboxMAD,Atomicaust73
bbenz,yoshioterada
foxygames_uk,VirtuaMe
Azure,ncayou
TWTHEREDDRAGON,ma1asiah
XboxMAD,EarlRobinson3
maryjofoley,adacosta
OXITS,jb_u00
Azure,sudhersuri
msdev,willynet
CNET,LEEWAYNUMBER1
ZhugeEX,SoBanked
The_CrapGamer,dreyer_smit
KazHiraiCEO,MonkeysxMoo
StevenGuggs,helpdeskx
bdsams,Steeveeh
Sec_Cyber,sectest9
windowscentral,jatinam
maryjofoley,GoodThings2Life
verge,blackdekpe
MicrosoftIoT,Woody_MS_Bloke
Locky75New,smokeydogg777
rseroter,starbuxman
YourPalRags,UnclePhailure
businessinsider,mefatemi
XboxMAD,MonkeysxMoo
TheHackersNews,sectest9
nigewillson,InfoSecurity99
Sobski117,raywand
verge,MarcoCHardware
verge,Kenzibit
SpartanBlem,Bluestinger223
verge,Darthgreg78
TechCrunch,BuildAzure
Arsonall,BLACKB0ND
Sobski117,KiwiPiwi4
PeggyJ,fxshaw
toddbishop,sudhersuri
moonjam,Dipslon
PlaystationWrld,hozboy
TechCrunch,hasssaaannn
Azure,IoTimelab
HARD8TIMES,MSonyNin
LauraCatPJs,OnMSL
MSFTnews,MSPowerBI
OpenAtMicrosoft,__S
rimmanehme,sudhersuri
thurrott,dreyer_smit
taiyyib,HackersList
MikeQuindazzi,MikeWrightQ
MSFTResearch,momusbah
windowscentral,DEATHMOBILE
gameinformer,DaGeekyNerd
tomwarren,RoguePlanetoid
PCMag,DavynTT
JackmoveJohnny,metonymontanas
windowsblog,Yogesh_Rya
VentureBeat,QxNews
sicgamer,DarthSuhaim
taiyyib,InfoSecurity99
VG247,hozboy
gameinformer,SpartanBlem
tomwarren,MarcoCHardware
gossmanster,IanAndrewsDC
onmsft,MarcoCHardware
msPartner,VisualStudioOne
OXM,KrypTo891
azureweekly,ShakthiRavi
MSIntune,PakkanenJoonas
MSonyNin,1080pony
gameinformer,eggry
JezCorden,MikePDaTruth
1080pony,UnclePhailure
Daniel_Rubino,GPsarakis
nosretro,FlyRts
mclynd,HackersList
TiCGameNetwork,JMaine518
Locky75New,Sontar22
VG247,SpartanBlem
verge,Da_1st_Sin
moonjam,tru8888
engadget,follox5
msPartner,PatrickLownds
thurrott,cfiessinger
Polygon,bdp2007
pivotal,seanmckmsft
CyberExaminer,InfoSecurity99
Arsonall,UnclePhailure
dreyer_smit,Bluestinger223
MSFTnews,fox180177
GamingBoltTweet,BeastFireTimdog
rimmanehme,__S
MSFTResearch,fox180177
tomwarren,PatrickLownds
PlaystationWrld,LambentLucky
MSFTResearch,cfiessinger
Microsoft,momusbah
TWTHEREDDRAGON,Sontar22
JamesvandenBerg,Steeveeh
Kotaku,eggry
gamespot,raywand
gameinformer,BetaCypher
doctorps4,Radgamer420
TomMSFT,The_CrapGamer
ZDNet,Ashygoyal
MSWindowsITPro,n_silva
cfiessinger,ShakthiRavi
AEGRO,DeadboxOne
CodeSe7en,sicgamer
JackmoveJohnny,The_Final_Storm
BradSmi,Steeveeh
PressStartKofi,The_Final_Storm
harryshum,helpdeskx
AguilarX,LEE_EL2013
Azure,seanmckmsft
PSUdotcom,SunsetMikeyX
PSUdotcom,MahvelFan
MicrosoftTeams,pejota81
azureweekly,PatrickLownds
gamespot,DoyleAndre
verge,madmanmarz
rimmanehme,LauraCatPJs
tomwarren,mixen
verge,cfiessinger
CyberHitchhiker,MikeWrightQ
MSFTResearch,ihaveabiblesite
Erok8150,The_CrapGamer
JezCorden,Uberutang
TWTHEREDDRAGON,ThePharmacistJA
Arsonall,HardcoreGamerHQ
JezCorden,Phat_Hiippo
windowscentral,dreyer_smit
XboxMAD,Uberutang
pushsquare,tru8888
GameRant,g_cruz5
CsharpCorner,VisualStudioOne
JezCorden,bdp2007
DigitalTrends,Gwolf2014
JamieMoranUK,InnerFury4K
Sec_Cyber,SecurityNews6
maryjofoley,fxshaw
Azure,ihaveabiblesite
OXM,Maccusha
Microsoft,VisualStudioOne
TiCGameNetwork,InnerFury4K
onmsft,LordBlade
toddbishop,francoleuzzi
DJSMARTBOMB,NB_Retweets
Gizmodo,MahvelFan
ch9,Gwolf2014
verge,RobotBrush
toddbishop,hasssaaannn
MSFT_Business,VisualStudioOne
BuildAzure,IoTimelab
PeggyJ,andreawork
YourPalRags,aceitman2
Gizmodo,momusbah
Microsoft,InnerFury4K
ZhugeEX,mashstation
MSStudiosBlog,johnmstrouth
LegendOfGamer80,AguilarX
SenseCyBlog,ChrisatWork
Azure,bbenz
AEGRO,Henriquelagarto
windowscentral,johnmstrouth
OskoolG,L3thalPoppa
gamespot,COMMANDO1138
BradSmi,PatrickLownds
wearsy,ncayou
thurrott,Mrolympia74
JamieMoranUK,JazzynupeXbox
GAMERS_KNOWBEST,JoshChuckTM
MalwareJake,EnriquePernas
tomwarren,Mrolympia74
DJSMARTBOMB,Day_RTs
Gizmodo,DavynTT
GAMERS_KNOWBEST,InnerFury4K
jmckenty,bbenz
tru8888,UnclePhailure
ch9,TheKlingon_
SOLIDREV30,The_Final_Storm
JamieMoranUK,Sontar22
AlphaFoxWarfare,SoBanked
Daniel_Rubino,Mrolympia74
NeowinFeed,PanosM_GR
XboxWrld,NakedTakinNotes
DigitalTrends,Phat_Hiippo
MicrosoftEU,sectest9
CNET,Kenzibit
TWTHEREDDRAGON,Gotti_Gaming23
KazHiraiCEO,ManaByte
PCMag,EhkalaAhusanu
tomwarren,DavynTT
verge,TIIRATH
eurogamer,ReignofBane
TWTHEREDDRAGON,DEATHMOBILE
DigitalTrends,levipeniche
WatchMixer,SEGA4EVA1
OneForceTech,HackersList
TWTHEREDDRAGON,Galloping_Death
engadget,eggry
toddbishop,Azure
businessinsider,francoleuzzi
Polygon,MonkeysxMoo
JezCorden,MonkeysxMoo
NeowinFeed,blackdekpe
XboxWrld,andyGamingMad
tru8888,MSonyNin
psi01,The_CrapGamer
MSLearning,DoyleAndre
infosecstuff,cryptti0
JAGLeMans,JayDubcity16
rimmanehme,WinObs
TWTHEREDDRAGON,Gamers4LMedia
JamieMoranUK,MrKrisSteel
wearsy,starbuxman
MSFTResearch,alevergara78
TWTHEREDDRAGON,BeastFireTimdog
tru8888,Titto530
Xbox,Kenzibit
Poynter,MSPowerBI
DEATHMOBILE,The_CrapGamer
n_silva,IoTimelab
MSPowerBI,ShakthiRavi
gamespot,imo_2006
cfiessinger,Ra_Koellner
Polygon,Ral86197296
TechRepublic,TIIRATH
ganttnz,SecurityNews6
briankrebs,EnriquePernas
badnima,ncayou
BleepinComputer,LoveToPlayFair
zackwhittaker,LoveToPlayFair
BleepinComputer,ovidiug
MSFTMechanics,albertspijkers
TWTHEREDDRAGON,MidniteKiller84
OXM,frndlyCombtnt
XboxMAD,stillwaters777
1080pony,Mysticwolf1981
Salt1estGaming,Bluestinger223
WatchMixer,InnerFury4K
MSFTResearch,jatinam
TheHackersNews,EnriquePernas
verge,TechieTrotman
gameinformer,Atomicaust73
TiCGameNetwork,LGqhd
MSonyNin,VirtuaMe
Xbox,BiG_Porras
TWTHEREDDRAGON,L3thalPoppa
dreyer_smit,AngelNexus
verge,DavynTT
tru8888,1080pony
CyberExaminer,deniscasther
MicrosoftTeams,Woody_MS_Bloke
verge,fox180177
tru8888,Radgamer420
SOLIDREV30,getTHISwork82
ArcanistMX,InfoSecurity99
JAGLeMans,MSonyNin
mashable,booboodip
thurrott,marcin_skok
MSFTResearch,reckel
tru8888,LEE_EL2013
OXM,SunsetMikeyX
JackmoveJohnny,PressStartKofi
AEGRO,MSonyNin
Sobski117,ReignofBane
NeowinFeed,RobotBrush
XboxWrld,Morpheus128
WatchMixer,GoodThings2Life
TheHackersNews,KU5H4L
MSFTResearch,Sarcona_Felix
Azure,francoleuzzi
DJSMARTBOMB,FlyRts
msdev,dev_mshim
TechRepublic,zippylab
taiyyib,SecurityNews6
onmsft,MajorMorteza
ZDNet,Ra_Koellner
LauraCatPJs,Daniel_Rubino
VG247,bdp2007
BleepinComputer,withego
LoTgaming7,Bear_Retweets
Azure,MSFTnews
msdev,jatinam
Polygon,MarcoCHardware
TWTHEREDDRAGON,FooVanCleef
backlon,Sarcona_Felix
XboxMAD,SpartanBlem
CsharpCorner,InfoSecurity99
Paul485Paul,PlaystationWrld
cfiessinger,thurrott
LGqhd,The_CrapGamer
MahvelFan,GamingBoltTweet
Israel_Mtz,onmsft
SecurityNews6,Sec_Headhunter
KiwiPiwi4,gamespot
withego,BleepinComputer
Israel_Mtz,CNET
RobotBrush,VG247
OskoolG,ZhugeEX
Paul485Paul,OskoolG
MarcoCHardware,VG247
helpdeskx,DigitalTrends
Mysticwolf1981,pushsquare
metonymontanas,Saber_Of_Truth
follox5,verge
1080pony,MSonyNin
KU5H4L,Sec_Headhunter
JazzynupeXbox,windowscentral
m_iqbal2307,MicrosoftIoT
ArcanistMX,msftsecresponse
InfoSecurity99,taiyyib
adacosta,CNET
techjunkiejh,TechCrunch
shean_hs,kennethholley
GamingAdd_slp,Polygon
Steeveeh,bdsams
InfoSecurity99,CyberExaminer
GaborFari,bdsams
DeadboxOne,pushsquare
MonkeysxMoo,Polygon
jb_u00,OXITS
OttomanMadMan,TWTHEREDDRAGON
MarcoCHardware,tomwarren
Radgamer420,doctorps4
francoleuzzi,msdev
Gwolf2014,onmsft
HackersList,thecyberwire
mclynd,Sec_Cyber
HCcasualgamer,XboxQwik
azuitshi,VentureBeat
backlon,tomwarren
jb_u00,marcoessomba
bdsams,zackwhittaker
follox5,Gizmodo
o2webdev,MSFTMechanics
MSFTnews,Azure
pejota81,Microsoft
flying_maverick,JamesvandenBerg
Woody_MS_Bloke,tomwarren
UnclePhailure,tru8888
NB_Retweets,OriginalGamer_4
cryptti0,thatcyberdude
InfoSecurity99,mervinpearce
Woody_MS_Bloke,ch9
charlemange93,HARD8TIMES
ShakthiRavi,cfiessinger
Gamers4LMedia,Sobski117
KU5H4L,TheHackersNews
Morpheus128,XboxWrld
Maxiimi,businessinsider
AlphaFoxWarfare,pushsquare
L3thalPoppa,Xbox
Gwolf2014,mspoweruser
Locky75New,pushsquare
HackersList,patrickcoomans
TodoenpcVE,MSFTResearch
AngelNexus,Sobski117
BetaCypher,TWTHEREDDRAGON
ShakthiRavi,ZDNet
TechieTrotman,MSEurope
rrfeeley,onmsft
Radgamer420,LegendOfGamer80
Gotti_Gaming23,topdoog11
deniscasther,ganttnz
blackdekpe,verge
flying_maverick,TechRepublic
domlast425,gamespot
tru8888,CodeSe7en
ShakthiRavi,azureweekly
eggry,verge
WSV_GUY,OpenAtMicrosoft
VirtuaMe,foxygames_uk
FooVanCleef,Polygon
seanmckmsft,jmckenty
InnerFury4K,Locky75New
ma1asiah,JamieMoranUK
Maccusha,Sobski117
SecurityNews6,CsharpCorner
momusbah,Microsoft
NxtGenGamer8000,SOLIDREV30
hasssaaannn,thurrott
MSFTnews,Microsoft
backlon,moonjam
pejota81,Office365_Tech
BeastFireTimdog,TWTHEREDDRAGON
4AGamers,DJSMARTBOMB
yoshioterada,bbenz
OnMSL,brendandburns
marcin_skok,MSFTResearch
HCcasualgamer,TWTHEREDDRAGON
MidniteKiller84,XboxQwik
stillwaters777,Sobski117
Woody_MS_Bloke,TechCrunch
ratkutti,bdsams
Sontar22,Locky75New
francoleuzzi,MSFTnews
JezCorden,MSStudiosBlog
ThePharmacistJA,bdsams
starbuxman,IanAndrewsDC
gwalters69,gossmanster
DavynTT,verge
jb_u00,patrickcoomans
Mysticwolf1981,Omac_brother
__S,nigewillson
Ra_Koellner,ZDNet
flying_maverick,azureweekly
RALPH4lyf,XboxWrld
Tactic036Nikola,mspoweruser
madmanmarz,pushsquare
shailendra_nair,PCMag
MonkeysxMoo,JezCorden
BiG_Porras,BeastFireTimdog
malwarescoop,BleepinComputer
ovidiug,zackwhittaker
doctorps4,LegendOfGamer80
azuitshi,zackwhittaker
GamingAdd_slp,eurogamer
itsBatran,DualShockers
ShakthiRavi,MSLearning
madmanmarz,verge
fxshaw,PeggyJ
Mysticwolf1981,HARD8TIMES
OnMSL,MSFTResearch
ChrisatWork,patrickcoomans
raywand,verge
Radgamer420,tru8888
imo_2006,XboxWrld
hasssaaannn,Daniel_Rubino
eggry,gameinformer
Isra4201982,TomMSFT
illdave04,verge
EhkalaAhusanu,CNET
Day_RTs,dezi_rosado
sectest9,thecyberwire
hasssaaannn,MSLearning
WinObs,fxshaw
SunsetMikeyX,VG247
uptownSM,HARD8TIMES
rimmanehme,gossmanster
Kenzibit,verge
Da_1st_Sin,OXM
Mysticwolf1981,uptownSM
SEGA4EVA1,JamieMoranUK
hasssaaannn,LauraCatPJs
JayDubcity16,1080pony
luizgilsonjr,mashable
Dipslon,NeowinFeed
Sontar22,TWTHEREDDRAGON
bbenz,rseroter
getTHISwork82,78SavageEddie
illdave04,The_CrapGamer
IoTimelab,PeggyJ
KiwiPiwi4,WatchMixer
IanAndrewsDC,starbuxman
badnima,IanAndrewsDC
SecurityNews6,nTangledCloud
AngelNexus,JezCorden
willynet,reckel
CluelessPundit,VG247
cryptti0,Sec_Headhunter
DrolSecurity,MalwareJake
n_silva,MicrosoftIoT
DaGeekyNerd,JezCorden
ChrisatWork,CyberExaminer
Radgamer420,DeadboxOne
ratkutti,tomwarren
hasssaaannn,MicrosoftIoT
starbuxman,bbenz
HCcasualgamer,The_CrapGamer
BuildAzure,rseroter
FooVanCleef,Erok8150
GaborFari,rseroter
twistedknight,WatchMixer
LauraCatPJs,rimmanehme
itsBatran,Polygon
flying_maverick,engadget
JezCorden,XboxQwik
AguilarX,LegendOfGamer80
BiG_Porras,Xbox
Galaxygamerone,moonjam
seanmckmsft,brendandburns
shailendra_nair,engadget
MaZeN_Edition,NeoGAFNewThread
xcapimBr,SpartanBlem
DoyleAndre,msdev
smokeydogg777,TWTHEREDDRAGON
MSonyNin,AEGRO
charlemange93,78SavageEddie
OskoolG,JamieMoranUK
rrfeeley,NeowinFeed
Azure,toddbishop
zippylab,engadget
sectest9,threatpost
BetaCypher,Sobski117
InfoSecurity99,MicrosoftEU
NB_Retweets,321techreviews
TheKlingon_,verge
madmanmarz,Polygon
sicgamer,PSUdotcom
KOLearyWW,MicrosoftEU
sudhersuri,toddbishop
InfoSecurity99,Sec_Headhunter
Ral86197296,Polygon
deniscasther,CyberExaminer
PatrickLownds,JamesvandenBerg
_CloudNinja,IanAndrewsDC
Ra_Koellner,bdsams
shailendra_nair,verge
NxtGenGamer8000,pushsquare
madmanmarz,tru8888
dondrwdrw,MSFTMechanics
GPsarakis,tomwarren
metonymontanas,SOLIDREV30
MonkeysxMoo,KazHiraiCEO
KrypTo891,JamieMoranUK
ncayou,wearsy
n_silva,MSFT_Business
MidniteKiller84,XboxMAD
Ra_Koellner,MSEurope
MicrosoftTeams,MSFTMechanics
sicgamer,Jed05
willynet,PeggyJ
luizgilsonjr,OXM
JoshChuckTM,MSFTResearch
Sarcona_Felix,DigitalTrends
bingobaa,TechRepublic
4AGamers,321techreviews
marcin_skok,mspoweruser
JayDubcity16,Omac_brother
Mysticwolf1981,tru8888
ihaveabiblesite,PCMag
EnriquePernas,threatpost
sectest9,nigewillson
bdp2007,Polygon
Gregory_Kozak95,Microsoft
albertspijkers,OXITS
marcin_skok,windowscentral
AngelNexus,dreyer_smit
EMMANUEL_EEO,DigitalTrends
imo_2006,verge
Paul485Paul,dreyer_smit
Salt1estGaming,Kotaku
UnclePhailure,YourPalRags
hkmamun,MSFTnews
momusbah,MSFTResearch
jb_u00,MSFTResearch
Microsoft,businessinsider
thurrott,bdsams
SecurityNews6,nigewillson
MahvelFan,Kotaku
sectest9,CyberExaminer
NewfNukem,Xbox
DaGeekyNerd,gameinformer
Maccusha,XboxMAD
MahvelFan,businessinsider
ovidiug,JasonFossen
tru8888,pushsquare
MajorMorteza,tomwarren
SoBanked,Omac_brother
pivotalcf,badnima
bdp2007,JezCorden
o2webdev,Poynter
Day_RTs,OriginalGamer_4
ragoli_msft,seanmckmsft
Atomicaust73,XboxQwik
HardcoreGamerHQ,Arsonall
marcin_skok,tomwarren
MahvelFan,Microsoft
Maccusha,windowscentral
seanmckmsft,pivotalcf
InnerFury4K,MicrosoftStore
SoBanked,SOLIDREV30
booboodip,TheHackersNews
Morpheus128,dreyer_smit
4AG_rts,nosretro
ihaveabiblesite,PeggyJ
InnerFury4K,MicrosoftHelps
MaZeN_Edition,ZhugeEX
g_cruz5,gamespot
yoshioterada,Azure
MSFTnews,Poynter
RoguePlanetoid,windowscentral
dreyer_smit,JamieMoranUK
Morpheus128,Sobski117
LoveToPlayFair,zackwhittaker
hassan14_pk,Azure
UnclePhailure,BLACKB0ND
jatinam,brendandburns
Titto530,TWTHEREDDRAGON
PatrickLownds,Azure
Saber_Of_Truth,JackmoveJohnny
Maccusha,OXM
SunsetMikeyX,TWTHEREDDRAGON
metonymontanas,Arsonall
Da_1st_Sin,onmsft
__S,Azure
bbenz,jmckenty
The_CrapGamer,psi01
GPsarakis,thurrott
RALPH4lyf,The_CrapGamer
Ral86197296,windowscentral
MahvelFan,DigitalTrends
albertspijkers,toddbishop
shailendra_nair,VentureBeat
m_iqbal2307,msdev
Darthgreg78,WatchMixer
andreawork,harryshum
ratkutti,zackwhittaker
waltIII314,TWTHEREDDRAGON
LambentLucky,windowscentral
cryptti0,AL77_infosec
HardcoreGamerHQ,PressStartKofi
ShakthiRavi,MSIntune
DrolSecurity,JohnLaTwC
dreyer_smit,XboxMAD
Woody_MS_Bloke,BuildAzure
zippylab,ZDNet
PakkanenJoonas,verge
SecurityNews6,ganttnz
Sarcona_Felix,MSFTResearch
ShakthiRavi,MicrosoftTeams
OttomanMadMan,XboxWrld
shailendra_nair,CNET
WSV_GUY,BradSmi
Day_RTs,321techreviews
tru8888,JAGLeMans
FlyRts,DJSMARTBOMB
SEGA4EVA1,Vampero
yoshioterada,badnima
raywand,GamingBoltTweet
Mrolympia74,Daniel_Rubino
ashithraj,verge
TheKlingon_,ganttnz
SecurityNews6,mclynd
Microsoft,MSFTResearch
ShakthiRavi,Office365_Tech
FF81,MikePDaTruth
ovidiug,msftsecresponse
getTHISwork82,pushsquare
aceitman2,UnclePhailure
francoleuzzi,toddbishop
LegendOfGamer80,SOLIDREV30
twistedknight,Polygon
Ral86197296,Kotaku
FooVanCleef,TWTHEREDDRAGON
LordBlade,mspoweruser
NakedTakinNotes,threatpost
The_Final_Storm,Saber_Of_Truth
sectest9,MikeQuindazzi
_CloudNinja,wearsy
hassan14_pk,thurrott
FlyRts,dezi_rosado
LEE_EL2013,tru8888
KiwiPiwi4,JezCorden
InnerFury4K,XboxMAD
DavynTT,MSFTnews
KrypTo891,The_CrapGamer
QxNews,VentureBeat
L3thalPoppa,XboxWrld
rseroter,wearsy
albertspijkers,Azure
ChrisatWork,SenseCyBlog
francoleuzzi,Microsoft
VirtuaMe,LegendOfGamer80
L3thalPoppa,OskoolG
WinObs,MicrosoftIoT
deniscasther,mervinpearce
4AG_rts,dezi_rosado
luizgilsonjr,MSStudiosBlog
MrKrisSteel,TWTHEREDDRAGON
MSonyNin,TWTHEREDDRAGON
helpdeskx,Microsoft
brendandburns,rseroter
hkmamun,msdev
ihaveabiblesite,Poynter
Gotti_Gaming23,TWTHEREDDRAGON
raywand,XboxWrld
Gotti_Gaming23,SOLIDREV30
NB_Retweets,nosretro
SecurityNews6,AL77_infosec
FooVanCleef,JezCorden
hspjap,MSStudiosBlog
BeastFireTimdog,XboxWrld
PatrickLownds,msPartner
o2webdev,MSFTResearch
GPsarakis,mspoweruser
sudhersuri,MSLearning
Fersare15,MSFTResearch
IoTimelab,Microsoft
DoyleAndre,verge
dondrwdrw,Gizmodo
luizgilsonjr,MicrosoftStore
foxygames_uk,gamespot
EarlRobinson3,gamespot
RoguePlanetoid,MicrosoftWomen
cryptti0,nTangledCloud
LEE_EL2013,AguilarX
sectest9,OneForceTech
EMMANUEL_EEO,MSFT_Business
KU5H4L,infosecstuff
Phat_Hiippo,verge
UnclePhailure,HARD8TIMES
HackersList,kennethholley
SherryFLRealtor,VentureBeat
JoshChuckTM,onmsft
Ra_Koellner,MicrosoftHelps
hkmamun,MSLearning
francoleuzzi,MSFTResearch
smokeydogg777,Locky75New
MarcoCHardware,Polygon
MikeWrightQ,cybersecboardrm
WSV_GUY,gossmanster
francoleuzzi,businessinsider
Dipslon,WatchMixer
ShakthiRavi,MSPowerBI
mclynd,MSFTResearch
VirtuaMe,pushsquare
raywand,gameinformer
LEEWAYNUMBER1,engadget
Ashygoyal,BleepinComputer
Gotti_Gaming23,LegendOfGamer80
hozboy,Xbox
Tactic036Nikola,Windows
CrocaDeeBee,The_CrapGamer
Gregory_Kozak95,windowsblog
DaGeekyNerd,XboxMAD
InfoSecurity99,nigewillson
InnerFury4K,JamieMoranUK
hozboy,verge
frndlyCombtnt,GamingBoltTweet
Mysticwolf1981,doctorps4
GPsarakis,windowscentral
francoleuzzi,windowscentral
imo_2006,gamespot
IoTimelab,MSCloud
Gam3Wrld,XboxWrld
RALPH4lyf,GAMERS_KNOWBEST
4AGamers,OriginalGamer_4
sectest9,AL77_infosec
JoshChuckTM,Polygon
bdp2007,VG247
PressStartKofi,JackmoveJohnny
MaZeN_Edition,moonjam
TheKlingon_,MicrosoftIoT
VisualStudioOne,CsharpCorner
mefatemi,harryshum
g_cruz5,Xbox
MahvelFan,PSUdotcom
ihaveabiblesite,engadget
GFXCoach,LoTgaming7
JoshChuckTM,XboxMAD
LGqhd,TiCGameNetwork
mixen,Microsoft
Phat_Hiippo,DigitalTrends
cryptti0,CyberExaminer
OnMSL,reckel
UnclePhailure,1080pony
sectest9,nTangledCloud
DarthSuhaim,XboxQwik
Paul485Paul,windowscentral
InnerFury4K,ZhugeEX
ManaByte,MacRumors
Mrolympia74,tomwarren
Morpheus128,JezCorden
ma1asiah,windowscentral
marcin_skok,VentureBeat
FlyRts,LoTgaming7
QxNews,Gizmodo
SecurityNews6,MSCloud
ChrisatWork,JasonFossen
getTHISwork82,smokeydogg777
pejota81,cfiessinger
EhkalaAhusanu,PCMag
InnerFury4K,GAMERS_KNOWBEST
UnclePhailure,TWTHEREDDRAGON
ManaByte,KazHiraiCEO
HackersList,nTangledCloud
helpdeskx,harryshum
PatrickLownds,BradSmi
hasssaaannn,windowscentral
Uberutang,windowscentral
Azure,MSLearning
Darthgreg78,thurrott
smokeydogg777,HARD8TIMES
Salt1estGaming,windowscentral
TIIRATH,TomMSFT
hspjap,ZhugeEX
Paul485Paul,VG247
MSPowerBI,MSFTnews
booboodip,ZDNet
o2webdev,ZDNet
DeadboxOne,tru8888
BeastFireTimdog,XboxQwik
WinObs,JamesvandenBerg
JayDubcity16,JAGLeMans
JayDubcity16,UnclePhailure
UnclePhailure,JAGLeMans
JoshChuckTM,JezCorden
mixen,tomwarren
andreawork,PeggyJ
EMMANUEL_EEO,MSFTResearch
Steeveeh,JamesvandenBerg
GoodThings2Life,WatchMixer
HardcoreGamerHQ,KazHiraiCEO
geeky_gang,zackwhittaker
sectest9,ArcanistMX
HackersList,thatcyberdude
Steeveeh,BradSmi
Uberutang,TWTHEREDDRAGON
aceitman2,tru8888
luizgilsonjr,engadget
la_dynamita,Erok8150
LoveToPlayFair,BleepinComputer
mknz,OpenAtMicrosoft
RobotBrush,eurogamer
bdp2007,verge
NxtGenGamer8000,JackmoveJohnny
luizgilsonjr,mspoweruser
TLR9_,TWTHEREDDRAGON
MrKrisSteel,JezCorden
Darthgreg78,engadget
MajorMorteza,verge
bingobaa,VentureBeat
marcin_skok,TechCrunch
KOLearyWW,ZDNet
JayDubcity16,GamingBoltTweet
FooVanCleef,PlaystationWrld
WSV_GUY,rseroter
NewfNukem,GAMERS_KNOWBEST
frndlyCombtnt,businessinsider
sectest9,MSFTResearch
luizgilsonjr,windowscentral
Woody_MS_Bloke,MSFTMechanics
helpdeskx,BradSmi
Maxiimi,gossmanster
SherryFLRealtor,ZDNet
PatrickLownds,azureweekly
pejota81,MicrosoftTeams
booboodip,verge
sicgamer,HARD8TIMES
JMaine518,PressStartKofi
Bluestinger223,FooVanCleef
78SavageEddie,Omac_brother
Ra_Koellner,WinObs
RALPH4lyf,Polygon
xcapimBr,VG247
JayDubcity16,PSUdotcom
waltIII314,VG247
hozboy,VG247
NakedTakinNotes,businessinsider
alevergara78,JamesvandenBerg
deniscasther,taiyyib
Echosix8,BleepinComputer
EarlRobinson3,TWTHEREDDRAGON
sectest9,MicrosoftEU
dev_mshim,MSFT_Business
TechieTrotman,reckel
marcin_skok,maryjofoley
OpenAtMicrosoft,rseroter
UnclePhailure,charlemange93
ChrisatWork,MSFTResearch
SecurityNews6,taiyyib
waltIII314,verge
Gregory_Kozak95,MSFTnews
KiwiPiwi4,Sobski117
MahvelFan,VG247
SoBanked,ZhugeEX
adacosta,verge
malwarescoop,CyberHitchhiker
hspjap,JamieMoranUK
RALPH4lyf,Vampero
OttomanMadMan,GAMERS_KNOWBEST
sectest9,KallesGroup
SEGA4EVA1,Erok8150
mknz,rimmanehme
Sontar22,engadget
OEMPartner,Azure
KrypTo891,NewfNukem
illdave04,gamespot
marcin_skok,MSFTnews
LEE_EL2013,moonjam
techjunkiejh,mashable
DeadboxOne,AEGRO
hassan14_pk,MSFTResearch
aceitman2,KazHiraiCEO
DavynTT,Microsoft
ArcanistMX,thecyberwire
ihaveabiblesite,MSPowerBI
FF81,TiCGameNetwork
OskoolG,windowscentral
albertspijkers,TheHackersNews
JezCorden,windowscentral
UnclePhailure,Locky75New
Isra4201982,ZhugeEX
SunsetMikeyX,mspoweruser
francoleuzzi,MSPowerBI
RALPH4lyf,OXM
LEEWAYNUMBER1,pushsquare
ReignofBane,Xbox
Ral86197296,gameinformer
MaluubaInc,businessinsider
JayDubcity16,Locky75New
la_dynamita,TWTHEREDDRAGON
VisualStudioOne,azureweekly
Henriquelagarto,JayDubcity16
tru8888,Jed05
SunsetMikeyX,OXM
InfoSecurity99,nTangledCloud
MaluubaInc,StevenGuggs
Kenzibit,onmsft
techjunkiejh,TechRepublic
InfoSecurity99,mclynd
Gaming_Forever1,mspoweruser
dondrwdrw,verge
GaborFari,TomMSFT
Uberutang,BeastFireTimdog
Uberutang,verge
Ra_Koellner,MicrosoftWomen
rrfeeley,engadget
UnclePhailure,Jed05
OskoolG,JezCorden
HackersList,mclynd
EMMANUEL_EEO,businessinsider
withego,JohnLaTwC
Israel_Mtz,tomwarren
hasssaaannn,rimmanehme
twisted_mental,JezCorden
DarthSuhaim,TWTHEREDDRAGON
metonymontanas,HARD8TIMES
InfoSecurity99,TechRepublic
Titto530,SOLIDREV30
Day_RTs,DJSMARTBOMB
InfoSecurity99,thatcyberdude
Woody_MS_Bloke,mspoweruser
HCcasualgamer,JezCorden
Dipslon,mspoweruser
MarcoCHardware,windowscentral
helpdeskx,PeggyJ
Ral86197296,Windows
Bear_Retweets,321techreviews
PatrickLownds,onmsft
The_CrapGamer,DEATHMOBILE
MrKrisSteel,Polygon
starbuxman,rseroter
PanosM_GR,windowscentral
Mysticwolf1981,LegendOfGamer80
frndlyCombtnt,XboxMAD
hasssaaannn,rseroter
SoBanked,pushsquare
JayDubcity16,sicgamer
stillwaters777,TWTHEREDDRAGON
jatinam,windowscentral
SEGA4EVA1,JezCorden
Salt1estGaming,Locky75New
cryptti0,KallesGroup
marcin_skok,bdsams
illdave04,windowscentral
cryptti0,CyberHitchhiker
Darthgreg78,MSPowerBI
o2webdev,TomMSFT
EnriquePernas,briankrebs
BiG_Porras,JamieMoranUK
LoveToPlayFair,JohnLaTwC
_CloudNinja,pivotal
LordBlade,NeowinFeed
twisted_mental,dreyer_smit
marcin_skok,onmsft
Galloping_Death,mspoweruser
BeastFireTimdog,verge
KiwiPiwi4,XboxMAD
CluelessPundit,XboxMAD
SherryFLRealtor,TechCrunch
InnerFury4K,TWTHEREDDRAGON
FooVanCleef,BeastFireTimdog
Darthgreg78,verge
UnclePhailure,smokeydogg777
MahvelFan,windowscentral
JoshChuckTM,GAMERS_KNOWBEST
Ashygoyal,campuscodi
MahvelFan,gamespot
dondrwdrw,DigitalTrends
HardcoreGamerHQ,gameinformer
VirtuaMe,MSonyNin
BiG_Porras,XboxQwik
Titto530,charlemange93
NB_Retweets,LoTgaming7
azuitshi,briankrebs
Radgamer420,YourPalRags
NxtGenGamer8000,HARD8TIMES
francoleuzzi,MSWindowsITPro
LoveToPlayFair,briankrebs
hspjap,TomMSFT
la_dynamita,JezCorden
FlyRts,Billy50CAL
TodoenpcVE,verge
KU5H4L,CyberHitchhiker
HackersList,SenseCyBlog
sectest9,SenseCyBlog
sectest9,Sec_Cyber
amifou,TWTHEREDDRAGON
luizgilsonjr,TechCrunch
luizgilsonjr,XboxQwik
MSonyNin,HARD8TIMES
PakkanenJoonas,MSLearning
ReignofBane,Sobski117
ZDNet,zackwhittaker
Vampero,windowscentral
Locky75New,78SavageEddie
NakedTakinNotes,VentureBeat
Uberutang,JezCorden
hspjap,XboxWrld
xcapimBr,Windows
jatinam,Microsoft
ashithraj,rseroter
imo_2006,GamingBoltTweet
o2webdev,toddbishop
Mrolympia74,thurrott
sectest9,TheHackersNews
The_CrapGamer,OttomanMadMan
MahvelFan,XboxMAD
DrolSecurity,msftsecresponse
BiG_Porras,TiCGameNetwork
azuitshi,verge
JayDubcity16,78SavageEddie
PakkanenJoonas,Office365_Tech
Dipslon,verge
_CloudNinja,jmckenty
ThePharmacistJA,TWTHEREDDRAGON
momusbah,verge
QxNews,verge
PatrickLownds,thurrott
hasssaaannn,gossmanster
hasssaaannn,MSFTnews
Galloping_Death,XboxMAD
ihaveabiblesite,toddbishop
FooVanCleef,dreyer_smit
IanAndrewsDC,gossmanster
SecurityNews6,CyberExaminer
VisualStudioOne,Office365_Tech
cryptti0,thecyberwire
JoshChuckTM,Xbox
Steeveeh,MSIntune
Fersare15,PeggyJ
Mrolympia74,backlon
HackersList,CyberExaminer
xcapimBr,DigitalTrends
ihaveabiblesite,businessinsider
AguilarX,Kotaku
TIIRATH,TechRepublic
hasssaaannn,pivotalcf
HackersList,ganttnz
Microsoft,PeggyJ
AEGRO,AlphaFoxWarfare
MaluubaInc,harryshum
andyGamingMad,Kotaku
FF81,terrycrews
InfoSecurity99,cybersecboardrm
MarcoCHardware,engadget
n_silva,Microsoft
SpartanBlem,gameinformer
JoshChuckTM,JamieMoranUK
OttomanMadMan,The_CrapGamer
Isra4201982,XboxWrld
Paul485Paul,Gam3Wrld
Sarcona_Felix,Microsoft
hasssaaannn,WinObs
BetaCypher,XboxMAD
psi01,TWTHEREDDRAGON
ma1asiah,JezCorden
willynet,msdev
blackdekpe,NeowinFeed
mashstation,Sobski117
hozboy,XboxMAD
ma1asiah,TWTHEREDDRAGON
HackersList,Sec_Headhunter
EMMANUEL_EEO,Microsoft
raywand,Sobski117
seanmckmsft,cloudfoundry
SecurityNews6,Sec_Cyber
dev_mshim,MSCloud
SpartanBlem,Sobski117
bbenz,starbuxman
Locky75New,doctorps4
XboxWrld,Gam3Wrld
ncayou,IanAndrewsDC
alevergara78,MSFTResearch
SherryFLRealtor,CNET
OEMPartner,Windows
ShakthiRavi,MSFTMechanics
Bluestinger223,BeastFireTimdog
Sarcona_Felix,PeggyJ
ihaveabiblesite,MSFTnews
OEMPartner,MSFTnews
momusbah,Gizmodo
hspjap,The_CrapGamer
AlphaFoxWarfare,verge
frndlyCombtnt,OXM
The_Final_Storm,JackmoveJohnny
SecurityNews6,TodoenpcVE
GoodThings2Life,zacbowden
psi01,BeastFireTimdog
helpdeskx,MikeQuindazzi
InfoSecurity99,patrickcoomans
MarcoCHardware,NeowinFeed
helpdeskx,pivotal
HackersList,CyberHitchhiker
MikeWrightQ,MikeQuindazzi
JayDubcity16,Gamers4LMedia
HardcoreGamerHQ,Galaxygamerone
TheKlingon_,TomMSFT
BradSmi,MicrosoftEU
VisualStudioOne,MSFTMechanics
MaluubaInc,fxshaw
4AG_rts,321techreviews
Tactic036Nikola,windowsblog
Mysticwolf1981,1080pony
BiG_Porras,CNET
cfiessinger,Office365_Tech
Ra_Koellner,cfiessinger
levipeniche,VentureBeat
Ashygoyal,CyberExaminer
RobotBrush,Kotaku
tru8888,LegendOfGamer80
Steeveeh,zackwhittaker
UnclePhailure,LegendOfGamer80
GamingAdd_slp,gamespot
geeky_gang,SwiftOnSecurity
TIIRATH,verge
DavynTT,tomwarren
malwarescoop,ZDNet
zippylab,TechRepublic
RobotBrush,NeowinFeed
cloudfoundry,badnima
albertspijkers,MSFTMechanics
ncayou,Azure
levipeniche,TechCrunch
VirtuaMe,HARD8TIMES
rrfeeley,maryjofoley
sudhersuri,Azure
IoTimelab,n_silva
ashithraj,MSFTResearch
twistedknight,ManaByte
azuitshi,mashable
WSV_GUY,LauraCatPJs
JayDubcity16,Kotaku
VisualStudioOne,msPartner
andyGamingMad,Locky75New
cloudfoundry,Azure
RobotBrush,verge
frndlyCombtnt,mspoweruser
PanosM_GR,tomwarren
FooVanCleef,tomwarren
Yogesh_Rya,MacRumors
Da_1st_Sin,windowscentral
Gaming_Forever1,TWTHEREDDRAGON
Erok8150,JezCorden
mashstation,OskoolG
sectest9,TodoenpcVE
m_iqbal2307,MSPowerBI
mashstation,ZhugeEX
InfoSecurity99,threatpost
madmanmarz,gameinformer
Echosix8,windowscentral
ShakthiRavi,JamesvandenBerg
Gamers4LMedia,gamespot
Jed05,moonjam
FlyRts,nosretro
Isra4201982,TWTHEREDDRAGON
JMaine518,TiCGameNetwork
geeky_gang,MalwareJake
SecurityNews6,TechRepublic
InfoSecurity99,JasonFossen
SecurityNews6,JasonFossen
MarcoCHardware,mspoweruser
twisted_mental,TWTHEREDDRAGON
dev_mshim,CsharpCorner
DEATHMOBILE,TWTHEREDDRAGON
dreyer_smit,windowscentral
LEE_EL2013,HARD8TIMES
Gregory_Kozak95,MicrosoftStore
hasssaaannn,TechCrunch
WinObs,tomwarren
Dipslon,TWTHEREDDRAGON
MSFT_Business,MicrosoftIoT
HardcoreGamerHQ,XboxMAD
__S,rimmanehme
AEGRO,LegendOfGamer80
Maxiimi,Microsoft
LordBlade,engadget
hasssaaannn,MSIntune
AngelNexus,Vampero
Kenzibit,Xbox
smokeydogg777,doctorps4
Saber_Of_Truth,SOLIDREV30
fox180177,mspoweruser
JAGLeMans,YourPalRags
Paul485Paul,GamingBoltTweet
waltIII314,XboxMAD
PressStartKofi,JMaine518
Radgamer420,MSonyNin
cryptti0,OneForceTech
VisualStudioOne,Microsoft
VisualStudioOne,MSFT_Business
Bear_Retweets,Billy50CAL
IanAndrewsDC,Azure
KiwiPiwi4,VG247
PanosM_GR,verge
TodoenpcVE,pivotalcf
techjunkiejh,verge
TLR9_,BeastFireTimdog
GFXCoach,nosretro
levipeniche,DigitalTrends
willynet,TechCrunch
SpartanBlem,VG247
ChrisatWork,marcoessomba
willynet,verge
BuildAzure,TechCrunch
Bluestinger223,SpartanBlem
imo_2006,Sobski117
KU5H4L,marcoessomba
SecurityNews6,SenseCyBlog
seanmckmsft,Azure
DoyleAndre,VG247
johnmstrouth,MSStudiosBlog
blackdekpe,engadget
fox180177,verge
charlemange93,TWTHEREDDRAGON
Microsoft,DigitalTrends
Day_RTs,nosretro
twistedknight,MSStudiosBlog
cryptti0,marcoessomba
cfiessinger,Microsoft
UnclePhailure,pushsquare
COMMANDO1138,gamespot
HackersList,JasonFossen
__S,CNET
dev_mshim,MSLearning
JMaine518,DualShockers
HackersList,KallesGroup
SecurityNews6,mervinpearce
Henriquelagarto,MSonyNin
Bear_Retweets,nosretro
aceitman2,JAGLeMans
illdave04,TiCGameNetwork
CrocaDeeBee,XboxWrld
EarlRobinson3,XboxQwik
Bluestinger223,JezCorden
PakkanenJoonas,JamesvandenBerg
sectest9,Microsoft
GaborFari,backlon
Henriquelagarto,pushsquare
JazzynupeXbox,JamieMoranUK
NxtGenGamer8000,PressStartKofi
topdoog11,moonjam
TechieTrotman,StevenGuggs
Sontar22,JamieMoranUK
XboxWrld,PlaystationWrld
getTHISwork82,SOLIDREV30
LGqhd,verge
GFXCoach,DJSMARTBOMB
MikeWrightQ,CyberExaminer
BLACKB0ND,Arsonall
ReignofBane,XboxMAD
helpdeskx,jmckenty
FooVanCleef,XboxWrld
NB_Retweets,dezi_rosado
UnclePhailure,doctorps4
twisted_mental,XboxMAD
MSonyNin,tru8888
PatrickLownds,tomwarren
LambentLucky,Polygon
Ra_Koellner,MSFTMechanics
la_dynamita,gamespot
sectest9,kennethholley
mefatemi,Microsoft
m_iqbal2307,MSFTResearch
andyGamingMad,XboxWrld
m_iqbal2307,MSLearning
GoodThings2Life,maryjofoley
badnima,pivotal
QxNews,mashable
MahvelFan,The_CrapGamer
Titto530,YourPalRags
Galloping_Death,windowscentral
Dipslon,VG247
sudhersuri,gossmanster
Paul485Paul,TomMSFT
Kenzibit,CNET
techjunkiejh,VentureBeat
L3thalPoppa,XboxMAD
1080pony,Omac_brother
EhkalaAhusanu,TechCrunch
LordBlade,onmsft
PatrickLownds,gossmanster
ThePharmacistJA,JezCorden
cfiessinger,toddbishop
aceitman2,HARD8TIMES
MajorMorteza,onmsft
Bluestinger223,GAMERS_KNOWBEST
malwarescoop,TheHackersNews
xcapimBr,gameinformer
InnerFury4K,Xbox
la_dynamita,Microsoft
HackersList,taiyyib
fxshaw,reckel
HackersList,infosecstuff
n_silva,MicrosoftHelps
Darthgreg78,windowscentral
Titto530,CodeSe7en
UnclePhailure,SOLIDREV30
DeadboxOne,BLACKB0ND
mefatemi,MSFTResearch
LauraCatPJs,thurrott
Galaxygamerone,Omac_brother
amifou,JezCorden
ReignofBane,eurogamer
MidniteKiller84,TWTHEREDDRAGON
luizgilsonjr,Daniel_Rubino
MahvelFan,verge
OnMSL,StevenGuggs
DoyleAndre,OXM
MSPowerBI,toddbishop
Morpheus128,XboxMAD
ReignofBane,gamespot
FF81,gamespot
bdp2007,GAMERS_KNOWBEST
SOLIDREV30,TWTHEREDDRAGON
geeky_gang,msftsecresponse
L3thalPoppa,TWTHEREDDRAGON
OpenAtMicrosoft,pivotalcf
OEMPartner,MicrosoftIoT
sectest9,TechRepublic
Bluestinger223,The_CrapGamer
cryptti0,taiyyib
Gaming_Forever1,dreyer_smit
TechieTrotman,verge
SecurityNews6,Microsoft
withego,zackwhittaker
stillwaters777,terrycrews
johnmstrouth,TWTHEREDDRAGON
GamingAdd_slp,GamingBoltTweet
johnmstrouth,JezCorden
MSPowerBI,TechCrunch
JayDubcity16,foxygames_uk
helpdeskx,threatpost
IoTimelab,Azure
AguilarX,Polygon
andreawork,Microsoft
HackersList,n_silva
xcapimBr,TWTHEREDDRAGON
OnMSL,LauraCatPJs
MSEurope,MicrosoftEU
cfiessinger,MSFTResearch
Phat_Hiippo,JezCorden
LEEWAYNUMBER1,VG247
MonkeysxMoo,XboxMAD
GFXCoach,321techreviews
EarlRobinson3,JamieMoranUK
campuscodi,BleepinComputer
Gam3Wrld,PlaystationWrld
follox5,mashable
Sarcona_Felix,MicrosoftTeams
Uberutang,XboxMAD
EhkalaAhusanu,verge
Echosix8,tomwarren
SEGA4EVA1,WatchMixer
alevergara78,techjunkiejh
4AG_rts,LoTgaming7
sectest9,patrickcoomans
ChrisatWork,ganttnz
madmanmarz,gamespot
MonkeysxMoo,moonjam
mknz,BradSmi
stillwaters777,The_CrapGamer
OttomanMadMan,terrycrews
ShakthiRavi,MicrosoftIoT
dreyer_smit,JezCorden
JazzynupeXbox,verge
aceitman2,LegendOfGamer80
SherryFLRealtor,verge
Bluestinger223,Salt1estGaming
Maccusha,JamieMoranUK
COMMANDO1138,windowscentral
aceitman2,1080pony
ReignofBane,JezCorden
follox5,engadget
MikePDaTruth,JezCorden
marcin_skok,verge
albertspijkers,CsharpCorner
hassan14_pk,Microsoft
shean_hs,thecyberwire
foxygames_uk,pushsquare
HackersList,cybersecboardrm
charlemange93,BLACKB0ND
MSonyNin,YourPalRags
follox5,MSLearning
jmckenty,seanmckmsft
JoshChuckTM,TWTHEREDDRAGON
sectest9,CNET
hkmamun,ch9
BetaCypher,WatchMixer
InfoSecurity99,SenseCyBlog
hasssaaannn,MSFTResearch
psi01,mspoweruser
dreyer_smit,maryjofoley
SOLIDREV30,Saber_Of_Truth
fxshaw,rseroter
RoguePlanetoid,tomwarren
EarlRobinson3,BeastFireTimdog
AlphaFoxWarfare,NeoGAFNewThread
CluelessPundit,verge
TechRepublic,ZDNet
mashstation,JezCorden
Gotti_Gaming23,Arsonall
xcapimBr,verge
MahvelFan,Gizmodo
o2webdev,msdev
Uberutang,ManaByte
shailendra_nair,TechCrunch
PanosM_GR,onmsft
cryptti0,patrickcoomans
andyGamingMad,gamespot
Gwolf2014,msdev
johnmstrouth,Sobski117
InnerFury4K,mspoweruser
SecurityNews6,OneForceTech
UnclePhailure,JayDubcity16
sectest9,Azure
GaborFari,WinObs
4AG_rts,OriginalGamer_4
Bluestinger223,dreyer_smit
blackdekpe,mspoweruser
domlast425,Kotaku
PanosM_GR,mspoweruser
InnerFury4K,WatchMixer
g_cruz5,gameinformer
InfoSecurity99,KallesGroup
The_Final_Storm,PressStartKofi
JayDubcity16,smokeydogg777
Fersare15,Microsoft
Ra_Koellner,onmsft
bdp2007,gameinformer
ragoli_msft,pivotalcf
sectest9,Sec_Headhunter
Bear_Retweets,LoTgaming7
Darthgreg78,ZDNet
CrocaDeeBee,JezCorden
Titto530,tru8888
hkmamun,msPartner
Titto530,HARD8TIMES
Galloping_Death,TWTHEREDDRAGON
blackdekpe,onmsft
marcin_skok,ZDNet
The_CrapGamer,Erok8150
mixen,toddbishop
QxNews,CNET
BetaCypher,gameinformer
ShakthiRavi,msPartner
Galaxygamerone,pushsquare
Gwolf2014,DigitalTrends
TheKlingon_,msdev
hasssaaannn,OpenAtMicrosoft
TheKlingon_,ch9
momusbah,reckel
sectest9,infosecstuff
Paul485Paul,XboxMAD
LGqhd,XboxWrld
mashstation,windowscentral
FooVanCleef,XboxQwik
DarthSuhaim,Kotaku
MSPowerBI,Poynter
hassan14_pk,rimmanehme
__S,fxshaw
easyeman77,Gamers4LMedia
PanosM_GR,moonjam
eggry,engadget
Bluestinger223,Gamers4LMedia
Maxiimi,ZDNet
MSonyNin,PSUdotcom
domlast425,Xbox
OnMSL,Microsoft
sicgamer,CodeSe7en
_CloudNinja,pivotalcf
MikeWrightQ,CyberHitchhiker
twistedknight,MicrosoftStore
TLR9_,mspoweruser
EMMANUEL_EEO,MicrosoftWomen
78SavageEddie,KazHiraiCEO
LoveToPlayFair,MalwareJake
azuitshi,TechRepublic
metonymontanas,PressStartKofi
Mrolympia74,windowscentral
Woody_MS_Bloke,MicrosoftIoT
charlemange93,pushsquare
The_CrapGamer,TomMSFT
johnmstrouth,XboxMAD
ZDNet,TechRepublic
rrfeeley,PCMag
hasssaaannn,Microsoft
yoshioterada,starbuxman
GamingAdd_slp,DualShockers
FlyRts,OriginalGamer_4
Ral86197296,DigitalTrends
dreyer_smit,thurrott
LambentLucky,PlaystationWrld
stillwaters777,Microsoft
JMaine518,NeoGAFNewThread
DarthSuhaim,LegendOfGamer80
levipeniche,verge
zippylab,TechCrunch
albertspijkers,MicrosoftEU
EnriquePernas,JohnLaTwC
eggry,Kotaku
willynet,azureweekly
charlemange93,foxygames_uk
malwarescoop,threatpost
FooVanCleef,gamespot
withego,briankrebs
JayDubcity16,tru8888
OttomanMadMan,JezCorden
ThePharmacistJA,zacbowden
ashithraj,wearsy
NakedTakinNotes,Gam3Wrld
JazzynupeXbox,XboxMAD
Woody_MS_Bloke,windowscentral
sectest9,ganttnz
SEGA4EVA1,VG247
mefatemi,StevenGuggs
Maccusha,The_CrapGamer
Atomicaust73,WatchMixer
sectest9,marcoessomba
easyeman77,terrycrews
adacosta,backlon
BetaCypher,verge
Sontar22,XboxMAD
UnclePhailure,uptownSM
Paul485Paul,AngelNexus
InfoSecurity99,infosecstuff
hasssaaannn,msdev
BeastFireTimdog,XboxMAD
MSonyNin,JAGLeMans
dev_mshim,Microsoft
sectest9,JasonFossen
Henriquelagarto,foxygames_uk
4AGamers,nosretro
OskoolG,XboxWrld
fxshaw,tomwarren
g_cruz5,GameRant
BeastFireTimdog,Vampero
DavynTT,PCMag
jatinam,msdev
Galaxygamerone,PSUdotcom
bingobaa,maryjofoley
la_dynamita,XboxMAD
RobotBrush,KazHiraiCEO
n_silva,MicrosoftStore
RALPH4lyf,VG247
Yogesh_Rya,NeowinFeed
JayDubcity16,LegendOfGamer80
hspjap,OskoolG
AngelNexus,XboxMAD
Gregory_Kozak95,Windows
The_CrapGamer,TLR9_
Dipslon,ZhugeEX
azuitshi,TechCrunch
Locky75New,Jed05
EarlRobinson3,XboxMAD
MikeWrightQ,taiyyib
GaborFari,Daniel_Rubino
Galloping_Death,The_CrapGamer
OneForceTech,briankrebs
LEEWAYNUMBER1,CNET
sudhersuri,rimmanehme
MSFTnews,toddbishop
TechieTrotman,fxshaw
L3thalPoppa,BeastFireTimdog
HCcasualgamer,XboxMAD
levipeniche,PeggyJ
blackdekpe,CNET
hasssaaannn,Azure
FF81,XboxMAD
deniscasther,MikeQuindazzi
SunsetMikeyX,XboxMAD
InfoSecurity99,ganttnz
ragoli_msft,rseroter
rrfeeley,backlon
Paul485Paul,JamieMoranUK
InnerFury4K,verge
SpartanBlem,ma1asiah
illdave04,NewfNukem
hasssaaannn,MSPowerBI
RoguePlanetoid,BradSmi
UnclePhailure,Arsonall
metonymontanas,JackmoveJohnny
hasssaaannn,zacbowden
Dipslon,XboxMAD
Sontar22,The_CrapGamer
Mysticwolf1981,charlemange93
raywand,gamespot
Tactic036Nikola,NeowinFeed
booboodip,engadget
Darthgreg78,gameinformer
NakedTakinNotes,XboxWrld
Bluestinger223,Gaming_Forever1
KOLearyWW,MSEurope
MrKrisSteel,JamieMoranUK
Titto530,MikePDaTruth
MahvelFan,GameRant
PanosM_GR,NeowinFeed
MidniteKiller84,XboxWrld
waltIII314,windowscentral
ovidiug,JohnLaTwC
shailendra_nair,MacRumors
campuscodi,MalwareJake
seanmckmsft,rseroter
OnMSL,BradSmi
GoodThings2Life,JezCorden
ThePharmacistJA,thurrott
CrocaDeeBee,WatchMixer
DarthSuhaim,sicgamer
bingobaa,TechCrunch
ovidiug,campuscodi
ChrisatWork,infosecstuff
LambentLucky,ZhugeEX
hspjap,XboxMAD
MSonyNin,DualShockers
itsBatran,VG247
hasssaaannn,backlon
KOLearyWW,PeggyJ
zippylab,verge
Darthgreg78,XboxMAD
LambentLucky,JAGLeMans
DavynTT,Gizmodo
aceitman2,uptownSM
adacosta,MacRumors
francoleuzzi,MSLearning
ovidiug,BleepinComputer
amifou,XboxMAD
albertspijkers,verge
Fersare15,businessinsider
SoBanked,HARD8TIMES
follox5,msdev
Atomicaust73,XboxMAD
MahvelFan,engadget
Da_1st_Sin,mspoweruser
fox180177,onmsft
JayDubcity16,pushsquare
InnerFury4K,TiCGameNetwork
DEATHMOBILE,Locky75New
adacosta,maryjofoley
MaZeN_Edition,Locky75New
gwalters69,BradSmi
JayDubcity16,BeastFireTimdog
NB_Retweets,DJSMARTBOMB
MidniteKiller84,OXM
VisualStudioOne,msdev
adacosta,MSWindowsITPro
GoodThings2Life,TWTHEREDDRAGON
hspjap,VG247
jmckenty,OpenAtMicrosoft
Galaxygamerone,ZhugeEX
OnMSL,MSPowerBI
Gwolf2014,Gizmodo
OttomanMadMan,BeastFireTimdog
illdave04,la_dynamita
jatinam,starbuxman
geeky_gang,MacRumors
ragoli_msft,Azure
GaborFari,thurrott
MaluubaInc,verge
ShakthiRavi,MicrosoftHelps
Galloping_Death,JezCorden
easyeman77,XboxMAD
Israel_Mtz,verge
andreawork,MicrosoftWomen
Sarcona_Felix,verge
johnmstrouth,windowscentral
shean_hs,SwiftOnSecurity
domlast425,Windows
fox180177,MSFTResearch
getTHISwork82,HARD8TIMES
adacosta,ZDNet
shailendra_nair,mashable
ihaveabiblesite,DigitalTrends
DrolSecurity,campuscodi
FooVanCleef,XboxMAD
Fersare15,DigitalTrends
BeastFireTimdog,Locky75New
EarlRobinson3,WatchMixer
ManaByte,JezCorden
domlast425,GameRant
luizgilsonjr,verge
FlyRts,321techreviews
SecurityNews6,cybersecboardrm
HackersList,mervinpearce
DEATHMOBILE,Xbox
n_silva,MSWindowsITPro
Henriquelagarto,doctorps4
andyGamingMad,verge
MajorMorteza,TechCrunch
The_Final_Storm,TiCGameNetwork
DEATHMOBILE,XboxQwik
Sarcona_Felix,backlon
Phat_Hiippo,tomwarren
Sontar22,XboxWrld
TheKlingon_,MSCloud
bdp2007,XboxQwik
CrocaDeeBee,JamieMoranUK
sectest9,thatcyberdude
deniscasther,kennethholley
hasssaaannn,nigewillson
francoleuzzi,DigitalTrends
hasssaaannn,ch9
ThePharmacistJA,XboxQwik
CrocaDeeBee,terrycrews
OneForceTech,TheHackersNews
Bluestinger223,TWTHEREDDRAGON
QxNews,TheHackersNews
Gwolf2014,maryjofoley
Maccusha,TiCGameNetwork
seanmckmsft,pivotal
EnriquePernas,zackwhittaker
ihaveabiblesite,Microsoft
bdp2007,PlaystationWrld
ncayou,pivotal
brendandburns,cloudfoundry
ncayou,badnima
flying_maverick,BuildAzure
MikeWrightQ,marcoessomba
SecurityNews6,OXITS
DavynTT,ZDNet
HackersList,AL77_infosec
francoleuzzi,windowsblog
ovidiug,AL77_infosec
Gwolf2014,MSFTMechanics
francoleuzzi,ch9
zippylab,DigitalTrends
shean_hs,JasonFossen
Echosix8,TechRepublic
Tactic036Nikola,onmsft
fox180177,MSFTnews
Darthgreg78,gamespot
MSonyNin,pushsquare
Isra4201982,The_CrapGamer
hassan14_pk,CNET
MrKrisSteel,dreyer_smit
itsBatran,KazHiraiCEO
SecurityNews6,MikeQuindazzi
JoshChuckTM,dreyer_smit
WinObs,rimmanehme
withego,MalwareJake
hasssaaannn,msftsecresponse
GamingAdd_slp,verge
cfiessinger,BradSmi
hkmamun,CsharpCorner
Kenzibit,tomwarren
MSEurope,MSFTResearch
itsBatran,pushsquare
stillwaters777,OttomanMadMan
Bear_Retweets,DJSMARTBOMB
MaZeN_Edition,XboxMAD
DeadboxOne,LegendOfGamer80
Israel_Mtz,windowscentral
TIIRATH,MicrosoftHelps
PakkanenJoonas,MSIntune
momusbah,harryshum
InnerFury4K,Microsoft
francoleuzzi,Windows
Azure,MSFTResearch
Da_1st_Sin,verge
frndlyCombtnt,gameinformer
Ra_Koellner,TomMSFT
luizgilsonjr,XboxMAD
stillwaters777,XboxMAD
Gaming_Forever1,terrycrews
GFXCoach,dezi_rosado
PakkanenJoonas,MSWindowsITPro
raywand,XboxMAD
rrfeeley,thurrott
mknz,azureweekly
ShakthiRavi,MSWindowsITPro
hasssaaannn,tomwarren
Bluestinger223,XboxMAD
TLR9_,XboxWrld
WSV_GUY,MSIntune
DaGeekyNerd,TWTHEREDDRAGON
jatinam,MSLearning
KrypTo891,OXM
SecurityNews6,thecyberwire
adacosta,windowsblog
Yogesh_Rya,windowsblog
EhkalaAhusanu,engadget
alevergara78,msdev
HCcasualgamer,windowscentral
sectest9,taiyyib
MahvelFan,foxygames_uk
jmckenty,pivotalcf
Atomicaust73,TWTHEREDDRAGON
MSFTnews,MSPowerBI
francoleuzzi,Azure
hasssaaannn,brendandburns
sectest9,CsharpCorner
madmanmarz,foxygames_uk
MSFTnews,DigitalTrends
Woody_MS_Bloke,MicrosoftWomen
GFXCoach,Billy50CAL
SecurityNews6,MicrosoftEU
Ra_Koellner,azureweekly
imo_2006,Polygon
JazzynupeXbox,Xbox
jatinam,MSFTResearch
JazzynupeXbox,OXM
bbenz,Azure
imo_2006,BeastFireTimdog
4AG_rts,DJSMARTBOMB
twisted_mental,verge
bingobaa,verge
ihaveabiblesite,MSFTResearch
HackersList,OneForceTech
mefatemi,businessinsider
LGqhd,AngelNexus
follox5,CsharpCorner
UnclePhailure,MSonyNin
MahvelFan,TWTHEREDDRAGON
SunsetMikeyX,PSUdotcom
Tactic036Nikola,zacbowden
easyeman77,dreyer_smit
azuitshi,MacRumors
easyeman77,JezCorden
COMMANDO1138,XboxMAD
LEEWAYNUMBER1,GameRant
MSFTnews,MSFTResearch
OskoolG,Locky75New
GPsarakis,Daniel_Rubino
CluelessPundit,GamingBoltTweet
Sontar22,JezCorden
hasssaaannn,toddbishop
starbuxman,pivotal
Atomicaust73,gameinformer
PakkanenJoonas,azureweekly
Yogesh_Rya,windowscentral
JoshChuckTM,verge
SEGA4EVA1,OXM
Maccusha,gamespot
gwalters69,MicrosoftIoT
psi01,Locky75New
helpdeskx,Poynter
Ashygoyal,Sec_Cyber
RALPH4lyf,Kotaku
o2webdev,TheHackersNews
mixen,MSFTResearch
BetaCypher,windowscentral
hozboy,PlaystationWrld
pejota81,StevenGuggs
xcapimBr,windowscentral
BeastFireTimdog,GamingBoltTweet
PressStartKofi,VG247
cryptti0,JasonFossen
SecurityNews6,kennethholley
ashithraj,Azure
InnerFury4K,onmsft
sectest9,OXITS
WSV_GUY,tomwarren
mixen,verge
InfoSecurity99,Microsoft
BradSmi,fxshaw
KrypTo891,XboxMAD
Salt1estGaming,GameRant
SwiftOnSecurity,zackwhittaker
Morpheus128,JamieMoranUK
BiG_Porras,onmsft
AguilarX,KazHiraiCEO
RoguePlanetoid,msdev
jb_u00,cybersecboardrm
Gwolf2014,verge
cfiessinger,verge
XboxQwik,verge
LEEWAYNUMBER1,verge
Henriquelagarto,LegendOfGamer80
InfoSecurity99,Sec_Cyber
Gwolf2014,ch9
SecurityNews6,KallesGroup
InfoSecurity99,MikeQuindazzi
The_Final_Storm,JMaine518
UnclePhailure,NeoGAFNewThread
gwalters69,MSPowerBI
hkmamun,MSCloud
BiG_Porras,XboxMAD
sectest9,mervinpearce
LEEWAYNUMBER1,eurogamer
jb_u00,thatcyberdude
alevergara78,OEMPartner
techjunkiejh,engadget
LordBlade,tomwarren
SpartanBlem,XboxMAD
NakedTakinNotes,engadget
amifou,VG247
DeadboxOne,Arsonall
NakedTakinNotes,PlaystationWrld
SecurityNews6,ArcanistMX
GoodThings2Life,StevenGuggs
tru8888,moonjam
mknz,Azure
hspjap,TWTHEREDDRAGON
mashstation,XboxMAD
1080pony,tru8888
DEATHMOBILE,windowscentral
MarcoCHardware,onmsft
techjunkiejh,gamespot
gwalters69,SwiftOnSecurity
MikePDaTruth,TiCGameNetwork
SunsetMikeyX,JezCorden
MajorMorteza,NeoGAFNewThread
DoyleAndre,gamespot
shean_hs,threatpost
xcapimBr,XboxMAD
tru8888,doctorps4
francoleuzzi,Poynter
psi01,XboxMAD
DeadboxOne,CodeSe7en
n_silva,MSFTMechanics
EnriquePernas,TheHackersNews
Mrolympia74,zacbowden
sicgamer,tru8888
InfoSecurity99,ArcanistMX
ratkutti,thurrott
Darthgreg78,msPartner
topdoog11,SOLIDREV30
Phat_Hiippo,gameinformer
ihaveabiblesite,Azure
eggry,ZDNet
aceitman2,YourPalRags
jmckenty,bbenz
tru8888,UnclePhailure
DaGeekyNerd,BeastFireTimdog
SEGA4EVA1,onmsft
Henriquelagarto,tru8888
tru8888,uptownSM
DEATHMOBILE,verge
francoleuzzi,MicrosoftHelps
AngelNexus,VG247
CluelessPundit,eurogamer
hasssaaannn,Poynter
LordBlade,nigewillson
dev_mshim,msdev
SoBanked,AlphaFoxWarfare
psi01,Daniel_Rubino
Radgamer420,AEGRO
Kenzibit,XboxMAD
HCcasualgamer,JamieMoranUK
Bear_Retweets,dezi_rosado
marcin_skok,thurrott
g_cruz5,XboxMAD
dreyer_smit,TWTHEREDDRAGON
TechieTrotman,tomwarren
Woody_MS_Bloke,BradSmi
Woody_MS_Bloke,MicrosoftTeams
francoleuzzi,PeggyJ
COMMANDO1138,TiCGameNetwork
ratkutti,SwiftOnSecurity
MicrosoftWomen,PeggyJ
4AGamers,dezi_rosado
helpdeskx,MSFTResearch
blackdekpe,ZDNet
Atomicaust73,XboxWrld
charlemange93,SOLIDREV30
The_Final_Storm,SOLIDREV30
amifou,verge
luizgilsonjr,Microsoft
Echosix8,PCMag
Gamers4LMedia,TWTHEREDDRAGON
twistedknight,foxygames_uk
EnriquePernas,MalwareJake
Henriquelagarto,DeadboxOne
Sontar22,tomwarren
__S,OpenAtMicrosoft
fox180177,Microsoft
InfoSecurity99,AL77_infosec
tru8888,MSonyNin
KrypTo891,TWTHEREDDRAGON
luizgilsonjr,MSFTResearch
TIIRATH,ZDNet
itsBatran,gamespot
madmanmarz,DualShockers
SpartanBlem,TWTHEREDDRAGON
Bear_Retweets,OriginalGamer_4
dondrwdrw,CsharpCorner
dondrwdrw,CNET
Darthgreg78,Microsoft
Daniel_Rubino,LauraCatPJs
topdoog11,pushsquare
dreyer_smit,The_CrapGamer
yoshioterada,cloudfoundry
LEE_EL2013,78SavageEddie
Day_RTs,Billy50CAL
ma1asiah,XboxWrld
Uberutang,VG247
InfoSecurity99,OXITS
mknz,rseroter
QxNews,engadget
DEATHMOBILE,The_CrapGamer
BLACKB0ND,TWTHEREDDRAGON
reckel,MSFTResearch
RobotBrush,mspoweruser
andreawork,MicrosoftIoT
francoleuzzi,MSCloud
hasssaaannn,maryjofoley
MaluubaInc,MSFTResearch
EMMANUEL_EEO,msPartner
Gregory_Kozak95,Azure
MicrosoftWomen,msPartner
alevergara78,Microsoft
KrypTo891,terrycrews
frndlyCombtnt,JezCorden
mefatemi,Gizmodo
UnclePhailure,AEGRO
4AGamers,LoTgaming7
InfoSecurity99,thecyberwire
bdp2007,eurogamer
Echosix8,briankrebs
Atomicaust73,verge
helpdeskx,StevenGuggs
seanmckmsft,starbuxman
NewfNukem,OXM
Henriquelagarto,AEGRO
booboodip,mashable
shean_hs,patrickcoomans
DoyleAndre,MSLearning
IoTimelab,BuildAzure
Phat_Hiippo,CNET
SpartanBlem,thurrott
starbuxman,wearsy
InfoSecurity99,OneForceTech
SecurityNews6,threatpost
Sontar22,BeastFireTimdog
EarlRobinson3,verge
cryptti0,infosecstuff
ragoli_msft,cloudfoundry
UnclePhailure,CodeSe7en
IoTimelab,OEMPartner
GFXCoach,OriginalGamer_4
hassan14_pk,tomwarren
hspjap,XboxQwik
sectest9,mclynd
KOLearyWW,BradSmi
DrolSecurity,briankrebs
Dipslon,moonjam
AEGRO,MSonyNin
Vampero,JamieMoranUK
ShakthiRavi,Azure
Ashygoyal,ZDNet
4AG_rts,Billy50CAL
InfoSecurity99,CsharpCorner
fxshaw,maryjofoley
TheKlingon_,CsharpCorner
MikePDaTruth,SOLIDREV30
MarcoCHardware,verge
Yogesh_Rya,mspoweruser
JoshChuckTM,windowscentral
LambentLucky,uptownSM
Maxiimi,MSFTResearch
COMMANDO1138,JamieMoranUK
topdoog11,HARD8TIMES
